region,village,superficie_ha,rendement_tonne_ha,type_semence,engrais_npk_kg,acces_irrigation,pluviometrie_mm,type_sol,annee,prix_vente_fcfa
Kara,Akplogan,1.82,2.55,OPV,121.0,0,950.0,Ferrugineux,2020,198500.0
Savanes,Dévé,1.16,2.13,OPV,0.0,0,1115.0,Ferrugineux,2022,152900.0
Centrale,Tsévié,0.87,1.93,Traditionnelle,0.0,0,793.0,Hydromorphe,2021,177400.0
Savanes,Tsévié,1.05,1.43,Traditionnelle,0.0,0,1278.0,Hydromorphe,2019,109600.0
Savanes,Akplogan,0.64,1.48,Traditionnelle,137.0,0,805.0,Ferrugineux,2021,141500.0
Plateaux,Dévé,1.05,2.47,Traditionnelle,126.0,0,1232.0,Hydromorphe,2023,257300.0
Centrale,Dévé,0.52,1.78,Traditionnelle,24.0,0,779.0,Hydromorphe,2022,201200.0
Centrale,Akplogan,2.97,2.45,OPV,0.0,0,940.0,Ferrugineux,2021,238900.0
Centrale,Dévé,1.45,2.45,Améliorée,100.0,0,586.0,Ferralitique,2020,226700.0
Savanes,Bassar,9.54,0.8,Traditionnelle,45.0,0,802.0,Hydromorphe,2023,56900.0
Kara,Tsévié,1.04,2.48,Traditionnelle,0.0,1,703.0,Hydromorphe,2023,236100.0
Centrale,Mango,1.56,2.43,Améliorée,40.0,0,924.0,Ferralitique,2021,233400.0
Savanes,Tohoun,1.61,1.53,Traditionnelle,0.0,0,1079.0,Ferralitique,2021,157500.0
Plateaux,Dévé,0.52,3.14,Améliorée,0.0,0,1050.0,Ferralitique,2022,271900.0
Kara,Dévé,5.07,2.9,Améliorée,164.0,1,500.0,Ferrugineux,2019,260600.0
Plateaux,Tohoun,0.58,3.06,OPV,136.0,0,,Ferralitique,2021,236100.0
Kara,Dévé,7.54,2.9,Hybride,81.0,0,953.0,Ferrugineux,2021,196000.0
Savanes,Tohoun,6.07,1.89,OPV,42.0,0,760.0,Vertisol,2020,154100.0
Maritime,Akplogan,2.42,2.95,Hybride,0.0,0,1396.0,Vertisol,2023,224500.0
Kara,Bassar,2.46,2.44,Hybride,69.0,0,932.0,Ferralitique,2019,241300.0
Plateaux,Bassar,3.15,3.12,Hybride,84.0,0,979.0,Ferralitique,2020,277000.0
Savanes,Tsévié,1.72,1.87,Traditionnelle,113.0,1,936.0,Vertisol,2022,165500.0
Kara,Mango,3.1,2.91,OPV,79.0,1,791.0,Ferrugineux,2022,241900.0
Maritime,Dévé,0.61,3.12,Hybride,0.0,0,1466.0,Ferrugineux,2021,175600.0
Maritime,Mango,0.64,2.89,Améliorée,0.0,0,961.0,Ferralitique,2021,326900.0
Centrale,Akplogan,2.03,1.99,Traditionnelle,120.0,0,642.0,Ferralitique,2022,165600.0
Centrale,Bassar,2.49,1.92,OPV,0.0,1,926.0,Ferralitique,2021,172900.0
Plateaux,Akplogan,5.97,3.28,Hybride,72.0,0,1566.0,Vertisol,2019,254300.0
Kara,Akplogan,0.78,3.06,Améliorée,0.0,1,993.0,Hydromorphe,2021,326600.0
Kara,Dévé,4.82,2.96,OPV,0.0,0,1048.0,Ferralitique,2023,286500.0
Centrale,Akplogan,1.09,2.47,OPV,0.0,0,958.0,Ferrugineux,2021,210000.0
Kara,Bassar,1.75,2.21,Traditionnelle,,1,804.0,Hydromorphe,2020,199300.0
Kara,Mango,1.45,2.39,OPV,0.0,0,1051.0,Ferrugineux,2019,274700.0
Maritime,Bassar,1.78,2.21,Traditionnelle,82.0,0,824.0,Hydromorphe,2020,208100.0
Centrale,Dévé,0.91,2.51,Hybride,112.0,0,738.0,Vertisol,2020,233200.0
Savanes,Bassar,2.25,1.42,Traditionnelle,0.0,0,726.0,Hydromorphe,2023,118500.0
Centrale,Tohoun,4.54,2.11,Améliorée,109.0,0,1094.0,Ferrugineux,2019,152600.0
Savanes,Mango,1.96,1.18,Traditionnelle,143.0,0,1070.0,Hydromorphe,2019,109500.0
Maritime,Tohoun,2.19,2.23,Améliorée,131.0,0,1237.0,Vertisol,2019,220300.0
Plateaux,Tohoun,5.22,2.06,Traditionnelle,193.0,1,1285.0,Ferrugineux,2019,222500.0
Kara,Tsévié,3.56,2.04,OPV,0.0,1,742.0,Ferralitique,2019,138900.0
Maritime,Dévé,2.19,3.15,Hybride,0.0,0,1456.0,Hydromorphe,2023,256500.0
Kara,Akplogan,1.24,2.25,Améliorée,83.0,0,877.0,Ferrugineux,2021,198400.0
Plateaux,Tohoun,5.91,2.27,Traditionnelle,0.0,0,1065.0,Hydromorphe,2020,215500.0
Plateaux,Bassar,2.65,2.1,Traditionnelle,55.0,0,1045.0,Vertisol,2019,195900.0
Maritime,Akplogan,1.12,1.73,Traditionnelle,133.0,0,1366.0,Ferrugineux,2021,162300.0
Plateaux,Bassar,1.28,2.97,OPV,0.0,1,1380.0,Ferralitique,2021,296700.0
Savanes,Bassar,4.56,2.05,OPV,90.0,1,1058.0,Ferralitique,2020,172100.0
Plateaux,Akplogan,0.61,2.92,Améliorée,0.0,0,1437.0,Hydromorphe,2023,310100.0
Kara,Akplogan,12.6,2.72,Améliorée,0.0,0,889.0,Vertisol,2022,272600.0
Kara,Bassar,0.85,2.39,OPV,0.0,0,709.0,Vertisol,2022,218000.0
Kara,Dévé,4.47,2.54,Améliorée,118.0,0,500.0,Hydromorphe,2021,290000.0
Kara,Mango,1.76,3.24,Hybride,0.0,0,936.0,Ferrugineux,2020,368500.0
Savanes,Tsévié,2.19,2.36,Hybride,186.0,0,1010.0,Ferrugineux,2022,250300.0
Centrale,Mango,5.81,2.03,OPV,130.0,0,947.0,Hydromorphe,2021,119500.0
Maritime,Dévé,1.83,2.31,Améliorée,97.0,0,1095.0,Ferrugineux,2023,263800.0
Kara,Tsévié,2.43,2.38,Traditionnelle,138.0,1,837.0,Ferrugineux,2022,248300.0
Plateaux,Akplogan,0.63,3.09,Hybride,98.0,0,1344.0,Ferrugineux,2021,368300.0
Kara,Tsévié,0.51,2.53,OPV,0.0,0,1147.0,Hydromorphe,2021,277500.0
Plateaux,Bassar,1.2,2.92,Améliorée,59.0,1,1351.0,Ferralitique,2019,332500.0
Plateaux,Mango,3.35,3.43,OPV,157.0,1,1474.0,Vertisol,2023,362200.0
Kara,Tsévié,0.82,1.51,Traditionnelle,104.0,0,1070.0,Ferralitique,2019,167600.0
Savanes,Bassar,0.8,1.3,Hybride,127.0,0,738.0,Ferrugineux,2020,154500.0
Plateaux,Dévé,1.82,2.58,OPV,78.0,1,,Hydromorphe,2019,251300.0
Plateaux,Tsévié,3.11,3.06,OPV,137.0,0,1031.0,Vertisol,2019,233000.0
Kara,Bassar,3.61,2.99,OPV,89.0,0,748.0,Ferrugineux,2022,273400.0
Plateaux,Dévé,0.99,2.37,Traditionnelle,114.0,0,1356.0,Vertisol,2021,236500.0
Plateaux,Akplogan,0.71,2.88,OPV,155.0,1,1192.0,Vertisol,2023,275900.0
Kara,Dévé,7.55,2.14,Traditionnelle,0.0,0,579.0,Ferralitique,2019,171500.0
Kara,Dévé,1.26,1.99,Traditionnelle,119.0,1,500.0,Ferrugineux,2023,149900.0
Maritime,Mango,5.3,1.94,Traditionnelle,49.0,0,986.0,Vertisol,2019,167300.0
Savanes,Bassar,5.48,2.36,Hybride,239.0,0,799.0,Ferralitique,2020,246700.0
Savanes,Tsévié,4.2,2.42,Hybride,189.0,0,800.0,Hydromorphe,2019,275600.0
Plateaux,Mango,0.96,3.73,OPV,148.0,0,1238.0,Vertisol,2022,394900.0
Savanes,Tohoun,4.81,1.97,OPV,0.0,0,1111.0,Ferrugineux,2021,211700.0
Plateaux,Dévé,4.17,3.15,Hybride,115.0,0,949.0,Hydromorphe,2020,296600.0
Maritime,Tohoun,2.77,2.42,Améliorée,,0,1237.0,Vertisol,2019,179500.0
Kara,Mango,1.53,2.89,Hybride,0.0,0,990.0,Vertisol,2023,258700.0
Kara,Bassar,1.26,1.79,Traditionnelle,130.0,1,656.0,Ferrugineux,2020,164200.0
Kara,Mango,0.82,2.87,Hybride,88.0,0,940.0,Vertisol,2020,255500.0
Savanes,Bassar,2.28,1.24,Traditionnelle,101.0,1,999.0,Ferrugineux,2019,118900.0
Maritime,Bassar,2.7,2.31,OPV,,0,1412.0,Ferrugineux,2020,232100.0
Savanes,Akplogan,1.61,2.02,Améliorée,184.0,1,551.0,Ferrugineux,2023,212700.0
Savanes,Dévé,2.11,2.1,OPV,181.0,1,763.0,Ferrugineux,2020,192500.0
Maritime,Mango,1.63,2.16,Traditionnelle,150.0,0,1288.0,Vertisol,2023,155900.0
Maritime,Bassar,3.06,1.8,Traditionnelle,0.0,1,1053.0,Hydromorphe,2019,160300.0
Maritime,Mango,6.29,1.88,Traditionnelle,0.0,0,1246.0,Hydromorphe,2021,179700.0
Maritime,Mango,0.95,2.6,Améliorée,131.0,1,828.0,Ferralitique,2020,284900.0
Kara,Bassar,1.7,3.38,Hybride,119.0,1,811.0,Ferrugineux,2021,298300.0
Centrale,Tsévié,0.88,2.04,OPV,125.0,0,810.0,Vertisol,2023,206700.0
Centrale,Tohoun,2.95,1.82,OPV,0.0,0,1107.0,Vertisol,2020,179100.0
Maritime,Dévé,3.76,3.01,Hybride,66.0,0,1412.0,Ferralitique,2022,287900.0
Centrale,Dévé,7.22,1.71,OPV,142.0,0,1128.0,Hydromorphe,2021,181400.0
Centrale,Tsévié,1.32,2.02,Améliorée,145.0,0,952.0,Vertisol,2020,176100.0
Maritime,Akplogan,8.0,2.23,OPV,147.0,1,1024.0,Ferralitique,2021,196700.0
Centrale,Tsévié,0.66,1.94,Traditionnelle,157.0,0,660.0,Hydromorphe,2020,184200.0
Savanes,Akplogan,2.81,2.18,Hybride,0.0,1,621.0,Vertisol,2019,190200.0
Plateaux,Akplogan,0.65,3.18,Améliorée,103.0,0,1487.0,Ferrugineux,2021,321100.0
Plateaux,Tsévié,6.11,3.88,Hybride,,1,1152.0,Ferralitique,2022,335200.0
Maritime,Dévé,2.39,2.75,Améliorée,0.0,1,1209.0,Vertisol,2022,269000.0
Kara,Tohoun,3.27,2.4,Traditionnelle,124.0,1,1052.0,Ferralitique,2023,224800.0
Maritime,Dévé,4.95,2.8,Hybride,159.0,0,1435.0,Ferralitique,2020,273600.0
Kara,Dévé,0.91,2.59,OPV,145.0,0,796.0,Ferralitique,2021,231500.0
Plateaux,Dévé,0.6,3.23,Améliorée,203.0,0,1588.0,Ferrugineux,2023,293400.0
Maritime,Tsévié,5.78,2.24,Hybride,208.0,0,1024.0,Hydromorphe,2021,215200.0
Savanes,Tsévié,1.45,1.72,OPV,123.0,0,975.0,Hydromorphe,2020,167900.0
Centrale,Tsévié,0.85,3.19,Hybride,0.0,1,919.0,Vertisol,2022,302600.0
Kara,Dévé,2.08,3.13,Hybride,0.0,0,970.0,Ferrugineux,2019,361200.0
Centrale,Tohoun,2.78,3.05,Hybride,98.0,0,958.0,Hydromorphe,2022,253500.0
Centrale,Akplogan,0.58,2.96,Améliorée,87.0,0,1131.0,Vertisol,2023,279200.0
Maritime,Mango,1.3,2.19,OPV,104.0,1,1376.0,Vertisol,2019,166400.0
Centrale,Akplogan,0.58,1.98,Traditionnelle,0.0,1,998.0,Ferralitique,2023,196900.0
Savanes,Akplogan,1.86,1.8,Améliorée,0.0,1,1052.0,Ferrugineux,2020,146800.0
Centrale,Mango,6.14,2.07,Améliorée,0.0,0,993.0,Hydromorphe,2019,189300.0
Maritime,Dévé,10.64,3.1,Améliorée,0.0,0,1434.0,Ferrugineux,2023,280700.0
Savanes,Tohoun,3.03,1.83,Traditionnelle,133.0,1,1036.0,Ferrugineux,2020,180100.0
Plateaux,Tohoun,0.94,2.86,OPV,0.0,0,1216.0,Hydromorphe,2022,252400.0
Centrale,Akplogan,6.41,1.88,OPV,0.0,0,1090.0,Hydromorphe,2020,165300.0
Maritime,Mango,2.32,2.38,OPV,0.0,0,1028.0,Ferrugineux,2021,266700.0
Plateaux,Bassar,0.92,3.49,Hybride,0.0,0,1206.0,Vertisol,2020,343300.0
Plateaux,Dévé,6.87,2.87,Hybride,0.0,0,770.0,Ferrugineux,2020,253700.0
Kara,Akplogan,4.04,2.45,Hybride,129.0,0,1000.0,Hydromorphe,2021,225000.0
Savanes,Tohoun,3.79,1.51,Traditionnelle,179.0,0,894.0,Ferrugineux,2023,173800.0
Centrale,Tsévié,3.59,2.51,Hybride,0.0,0,613.0,Hydromorphe,2023,231700.0
Maritime,Tsévié,1.06,1.74,Traditionnelle,111.0,0,1134.0,Vertisol,2020,150700.0
Kara,Mango,1.09,2.46,OPV,66.0,0,796.0,Ferrugineux,2021,213800.0
Savanes,Mango,3.41,2.17,Hybride,0.0,0,1059.0,Vertisol,2021,192200.0
Kara,Akplogan,1.12,3.71,Hybride,158.0,0,900.0,Ferrugineux,2022,326300.0
Savanes,Bassar,1.94,2.37,Améliorée,141.0,0,971.0,Ferrugineux,2023,188400.0
Savanes,Tohoun,4.31,1.49,Traditionnelle,137.0,0,728.0,Hydromorphe,2019,121500.0
Centrale,Akplogan,4.33,2.49,OPV,156.0,0,794.0,Ferralitique,2023,211800.0
Savanes,Bassar,2.01,1.93,Améliorée,0.0,0,817.0,Hydromorphe,2023,196700.0
Kara,Mango,4.43,3.26,Améliorée,102.0,0,1054.0,Ferrugineux,2022,294900.0
Savanes,Tsévié,5.06,1.66,OPV,207.0,1,1202.0,Ferralitique,2019,153300.0
Centrale,Dévé,3.16,2.69,Améliorée,110.0,0,,Ferralitique,2022,296000.0
Centrale,Tsévié,1.15,1.28,Traditionnelle,0.0,0,1094.0,Vertisol,2019,141300.0
Kara,Tohoun,1.3,1.53,Traditionnelle,120.0,0,509.0,Ferrugineux,2020,140100.0
Plateaux,Tohoun,1.45,3.4,Hybride,46.0,1,1427.0,Hydromorphe,2019,296900.0
Plateaux,Tsévié,0.81,3.37,Améliorée,38.0,0,1268.0,Ferralitique,2022,285500.0
Savanes,Tsévié,1.3,2.25,Hybride,0.0,0,657.0,Ferralitique,2023,232400.0
Maritime,Bassar,1.09,2.17,Améliorée,162.0,0,1243.0,Hydromorphe,2019,200700.0
Savanes,Akplogan,2.02,1.74,Traditionnelle,151.0,0,974.0,Hydromorphe,2019,157000.0
Kara,Mango,6.48,1.73,Traditionnelle,156.0,0,861.0,Ferralitique,2021,147700.0
Kara,Bassar,0.78,2.77,Traditionnelle,80.0,0,968.0,Hydromorphe,2023,237800.0
Kara,Dévé,3.68,2.42,Améliorée,184.0,0,1024.0,Vertisol,2020,239500.0
Kara,Tsévié,3.41,2.38,Traditionnelle,81.0,0,948.0,Ferralitique,2022,188300.0
Kara,Dévé,0.75,2.59,Améliorée,128.0,1,1018.0,Vertisol,2020,277500.0
Centrale,Dévé,6.9,3.06,Hybride,119.0,0,887.0,Ferrugineux,2023,271200.0
Plateaux,Bassar,2.6,2.67,Améliorée,113.0,0,964.0,Vertisol,2019,249000.0
Kara,Mango,1.63,2.8,Hybride,0.0,1,1090.0,Hydromorphe,2019,221200.0
Maritime,Tohoun,4.03,2.93,Améliorée,91.0,1,1617.0,Ferralitique,2023,277800.0
Maritime,Akplogan,1.24,2.4,Hybride,66.0,1,997.0,Vertisol,2019,218500.0
Maritime,Tohoun,3.46,2.02,Traditionnelle,120.0,1,1128.0,Hydromorphe,2019,190900.0
Maritime,Mango,0.6,2.55,Hybride,104.0,1,1283.0,Hydromorphe,2019,286800.0
Centrale,Tohoun,5.07,1.77,Traditionnelle,255.0,0,825.0,Vertisol,2022,172100.0
Maritime,Tsévié,1.99,1.77,Traditionnelle,147.0,1,1004.0,Ferralitique,2022,151400.0
Kara,Tsévié,3.03,2.37,Hybride,0.0,1,963.0,Vertisol,2021,204600.0
Savanes,Bassar,1.13,1.93,Améliorée,77.0,0,738.0,Ferrugineux,2020,196800.0
Maritime,Dévé,3.33,3.64,Améliorée,0.0,0,1239.0,Vertisol,2023,402500.0
Centrale,Mango,4.2,2.54,OPV,0.0,1,1093.0,Vertisol,2023,249800.0
Centrale,Mango,2.1,2.59,Améliorée,124.0,0,989.0,Ferralitique,2023,267100.0
Maritime,Tohoun,2.9,2.3,OPV,177.0,1,1252.0,Vertisol,2021,235000.0
Savanes,Bassar,2.02,2.18,Améliorée,164.0,0,1112.0,Hydromorphe,2022,244200.0
Maritime,Tohoun,6.11,2.84,Améliorée,0.0,0,1295.0,Ferralitique,2021,203200.0
Centrale,Tohoun,2.22,1.57,Traditionnelle,0.0,0,,Hydromorphe,2023,161300.0
Plateaux,Mango,5.11,2.98,OPV,130.0,0,1082.0,Ferralitique,2020,318300.0
Kara,Tohoun,4.54,2.78,Améliorée,,0,890.0,Ferrugineux,2019,219400.0
Centrale,Dévé,1.82,2.42,OPV,0.0,0,801.0,Ferrugineux,2022,204500.0
Maritime,Tohoun,1.15,2.2,Traditionnelle,112.0,0,1383.0,Ferrugineux,2022,186700.0
Kara,Dévé,1.8,2.1,Traditionnelle,116.0,0,1070.0,Vertisol,2021,180800.0
Maritime,Mango,4.87,2.69,OPV,31.0,0,1518.0,Ferrugineux,2022,239600.0
Maritime,Bassar,1.15,2.34,Traditionnelle,112.0,0,,Ferralitique,2023,228900.0
Plateaux,Tsévié,2.36,3.67,Hybride,0.0,1,1480.0,Ferrugineux,2023,387200.0
Kara,Dévé,4.6,2.96,Hybride,77.0,0,785.0,Ferralitique,2021,319900.0
Kara,Bassar,1.59,2.31,Traditionnelle,89.0,0,939.0,Hydromorphe,2023,196300.0
Plateaux,Bassar,3.07,3.77,Hybride,0.0,0,1170.0,Vertisol,2020,320100.0
Centrale,Dévé,1.2,2.0,Améliorée,60.0,0,861.0,Hydromorphe,2021,222100.0
Maritime,Mango,0.79,1.83,OPV,162.0,0,,Hydromorphe,2020,187800.0
Savanes,Akplogan,4.45,1.94,Améliorée,98.0,0,713.0,Ferrugineux,2019,186200.0
Maritime,Bassar,0.76,2.28,OPV,0.0,1,1151.0,Ferrugineux,2020,229900.0
Maritime,Bassar,1.29,1.85,Traditionnelle,0.0,1,995.0,Ferrugineux,2019,175300.0
Centrale,Mango,5.33,2.23,Améliorée,0.0,1,792.0,Hydromorphe,2019,226200.0
Maritime,Mango,1.56,1.82,Traditionnelle,218.0,0,1007.0,Vertisol,2020,165800.0
Plateaux,Tohoun,9.53,2.76,Traditionnelle,151.0,0,1526.0,Vertisol,2021,270800.0
Plateaux,Mango,10.25,2.54,OPV,0.0,0,1143.0,Hydromorphe,2023,195500.0
Kara,Bassar,1.28,2.49,OPV,165.0,0,890.0,Vertisol,2023,215800.0
Savanes,Dévé,0.6,1.65,OPV,107.0,1,974.0,Hydromorphe,2019,143300.0
Maritime,Akplogan,3.55,1.94,Améliorée,174.0,0,1173.0,Hydromorphe,2019,175300.0
Maritime,Tohoun,2.0,2.92,Hybride,,0,1096.0,Vertisol,2021,244700.0
Centrale,Dévé,0.77,2.71,OPV,2.0,0,1051.0,Ferralitique,2022,239800.0
Plateaux,Akplogan,3.57,2.65,OPV,79.0,1,1286.0,Ferralitique,2020,203800.0
Savanes,Akplogan,0.58,1.96,Améliorée,157.0,1,726.0,Ferrugineux,2019,199000.0
Kara,Akplogan,5.6,2.36,OPV,0.0,0,886.0,Vertisol,2023,221700.0
Plateaux,Tsévié,0.87,2.93,Améliorée,0.0,1,1167.0,Ferrugineux,2021,218700.0
Kara,Dévé,0.84,1.88,Traditionnelle,0.0,0,719.0,Hydromorphe,2020,160000.0
Centrale,Tohoun,0.98,2.02,OPV,43.0,1,965.0,Ferralitique,2021,199700.0
Centrale,Tohoun,8.56,2.4,OPV,0.0,1,803.0,Vertisol,2020,212400.0
Maritime,Akplogan,3.45,2.06,Traditionnelle,0.0,1,1004.0,Vertisol,2020,178200.0
Savanes,Dévé,4.54,1.07,Traditionnelle,152.0,0,707.0,Vertisol,2019,100400.0
Kara,Tsévié,1.77,2.16,Traditionnelle,0.0,0,,Ferralitique,2021,214500.0
Plateaux,Akplogan,1.52,2.92,OPV,0.0,0,841.0,Ferrugineux,2021,227200.0
Centrale,Mango,1.17,3.22,Hybride,0.0,0,939.0,Ferralitique,2023,327400.0
Maritime,Tohoun,2.14,3.71,Hybride,198.0,1,1058.0,Ferrugineux,2023,317200.0
Maritime,Bassar,2.51,2.4,Hybride,,0,1591.0,Hydromorphe,2019,227100.0
Kara,Akplogan,3.0,2.04,OPV,112.0,0,1053.0,Hydromorphe,2019,192600.0
Centrale,Mango,1.24,1.46,Traditionnelle,161.0,0,679.0,Ferrugineux,2022,129700.0
Savanes,Tohoun,7.92,1.95,OPV,178.0,0,1161.0,Hydromorphe,2023,160900.0
Centrale,Tsévié,0.97,1.82,Traditionnelle,100.0,0,903.0,Hydromorphe,2020,166700.0
Kara,Dévé,8.93,2.8,OPV,91.0,0,793.0,Vertisol,2021,321100.0
Kara,Tohoun,0.54,2.26,OPV,0.0,0,846.0,Vertisol,2019,177600.0
Centrale,Dévé,2.14,1.66,Traditionnelle,0.0,0,1046.0,Ferralitique,2021,191900.0
Kara,Dévé,1.51,3.18,Hybride,0.0,1,795.0,Ferralitique,2021,292200.0
Centrale,Tsévié,1.99,1.59,Traditionnelle,0.0,0,,Ferralitique,2022,151700.0
Plateaux,Tsévié,2.61,4.03,Améliorée,0.0,1,995.0,Vertisol,2023,330200.0
Centrale,Akplogan,1.93,1.68,Améliorée,0.0,0,688.0,Ferralitique,2019,143900.0
Centrale,Akplogan,1.84,1.82,Traditionnelle,109.0,0,1228.0,Ferralitique,2021,161500.0
Kara,Tohoun,3.8,2.89,OPV,83.0,0,798.0,Vertisol,2019,238000.0
Kara,Tsévié,3.39,2.7,Améliorée,0.0,0,1050.0,Ferrugineux,2020,249300.0
Maritime,Mango,4.98,2.74,Améliorée,129.0,0,1633.0,Vertisol,2022,246700.0
Maritime,Tohoun,1.22,2.16,OPV,0.0,0,1438.0,Ferrugineux,2020,253300.0
Plateaux,Bassar,2.85,2.47,OPV,,0,1243.0,Vertisol,2019,199800.0
Maritime,Dévé,2.7,3.11,Hybride,150.0,0,1405.0,Ferralitique,2019,299500.0
Centrale,Dévé,1.65,1.64,OPV,0.0,0,866.0,Hydromorphe,2023,160700.0
Kara,Akplogan,2.16,2.55,Traditionnelle,0.0,0,1115.0,Hydromorphe,2021,209500.0
Maritime,Mango,1.44,1.55,Traditionnelle,86.0,0,1037.0,Ferrugineux,2021,160300.0
Maritime,Tsévié,0.88,2.76,Hybride,100.0,1,1216.0,Ferrugineux,2020,248600.0
Plateaux,Tsévié,1.1,3.13,Améliorée,39.0,0,1372.0,Ferrugineux,2022,203800.0
Plateaux,Akplogan,0.78,3.3,Améliorée,0.0,0,1228.0,Hydromorphe,2021,339100.0
Centrale,Bassar,3.37,1.82,OPV,192.0,1,790.0,Ferrugineux,2023,148900.0
Kara,Tohoun,3.2,2.13,Traditionnelle,185.0,0,935.0,Vertisol,2020,175900.0
Plateaux,Tohoun,8.02,3.58,Améliorée,122.0,1,1185.0,Vertisol,2020,370100.0
Maritime,Mango,3.77,2.83,Hybride,186.0,0,1185.0,Hydromorphe,2023,257200.0
Kara,Akplogan,0.63,3.33,Hybride,113.0,1,899.0,Vertisol,2022,353500.0
Kara,Akplogan,5.89,2.08,Traditionnelle,0.0,0,928.0,Ferrugineux,2023,228000.0
Maritime,Bassar,5.46,3.23,Hybride,122.0,1,1301.0,Hydromorphe,2022,282100.0
Plateaux,Tohoun,1.96,3.79,Hybride,115.0,0,1498.0,Ferrugineux,2023,395700.0
Maritime,Akplogan,2.7,1.97,Traditionnelle,111.0,0,1654.0,Vertisol,2023,169100.0
Kara,Tsévié,9.83,2.43,OPV,165.0,0,1136.0,Ferrugineux,2019,295500.0
Savanes,Mango,2.4,2.31,OPV,126.0,0,861.0,Hydromorphe,2020,199800.0
Savanes,Tohoun,6.39,2.46,Hybride,148.0,0,1069.0,Ferrugineux,2023,264300.0
Centrale,Bassar,0.72,2.52,OPV,161.0,0,1194.0,Vertisol,2023,264900.0
Maritime,Mango,1.03,1.99,OPV,135.0,1,1180.0,Ferralitique,2021,196400.0
Maritime,Dévé,1.95,2.55,Hybride,81.0,0,,Hydromorphe,2020,221600.0
Centrale,Tsévié,2.7,2.25,OPV,0.0,1,854.0,Ferrugineux,2021,210000.0
Centrale,Bassar,4.74,2.97,Hybride,0.0,0,,Hydromorphe,2020,205100.0
Centrale,Mango,11.61,2.48,Améliorée,113.0,1,988.0,Ferrugineux,2021,242500.0
Kara,Akplogan,1.73,2.19,Traditionnelle,123.0,1,1024.0,Ferralitique,2023,216800.0
Maritime,Dévé,0.62,2.16,Traditionnelle,119.0,0,1609.0,Vertisol,2023,208600.0
Kara,Bassar,4.54,1.9,OPV,223.0,1,912.0,Ferrugineux,2019,113000.0
Centrale,Akplogan,2.82,2.29,OPV,0.0,1,536.0,Ferrugineux,2021,183000.0
Maritime,Tsévié,1.05,2.75,OPV,0.0,0,1598.0,Ferralitique,2022,236500.0
Kara,Dévé,2.21,1.76,Traditionnelle,133.0,0,808.0,Hydromorphe,2019,173800.0
Kara,Tohoun,3.89,2.68,Améliorée,,0,910.0,Vertisol,2021,264000.0
Centrale,Akplogan,4.18,2.46,Améliorée,0.0,1,844.0,Ferrugineux,2021,228300.0
Maritime,Mango,2.23,1.67,Traditionnelle,0.0,0,1368.0,Ferrugineux,2019,171300.0
Centrale,Bassar,1.41,2.57,Améliorée,0.0,0,500.0,Vertisol,2023,212700.0
Maritime,Dévé,9.6,2.61,Traditionnelle,59.0,0,941.0,Ferralitique,2021,267100.0
Savanes,Akplogan,3.22,2.19,Améliorée,0.0,0,881.0,Hydromorphe,2023,220900.0
Plateaux,Tohoun,1.81,3.04,Hybride,137.0,1,1079.0,Vertisol,2019,302800.0
Plateaux,Bassar,1.32,3.59,Hybride,,1,1185.0,Hydromorphe,2023,332800.0
Plateaux,Bassar,3.78,2.43,Traditionnelle,207.0,0,1285.0,Ferralitique,2020,284000.0
Centrale,Akplogan,1.19,2.43,Améliorée,0.0,0,1039.0,Ferralitique,2022,245200.0
Savanes,Tohoun,0.97,1.65,OPV,117.0,0,964.0,Vertisol,2021,137800.0
Maritime,Tsévié,2.39,3.19,Améliorée,84.0,0,1413.0,Ferrugineux,2022,312600.0
Kara,Tsévié,1.36,3.85,Hybride,0.0,0,780.0,Ferralitique,2023,400100.0
Maritime,Dévé,2.98,2.79,Hybride,96.0,0,1477.0,Ferralitique,2021,245300.0
Kara,Akplogan,0.81,2.52,Améliorée,146.0,0,1097.0,Vertisol,2023,272100.0
Maritime,Dévé,3.16,2.85,Améliorée,130.0,0,1420.0,Vertisol,2020,284200.0
Savanes,Tsévié,1.33,1.47,OPV,0.0,0,622.0,Vertisol,2019,98600.0
Kara,Bassar,0.5,2.75,OPV,102.0,0,803.0,Ferralitique,2021,270700.0
Centrale,Dévé,0.84,1.68,Améliorée,155.0,1,970.0,Hydromorphe,2020,151100.0
Maritime,Tohoun,7.28,2.82,Améliorée,,0,1180.0,Ferralitique,2020,286000.0
Maritime,Mango,5.55,2.31,Améliorée,0.0,0,,Vertisol,2021,245600.0
Kara,Tsévié,1.17,3.3,Améliorée,135.0,1,500.0,Ferrugineux,2023,321000.0
Centrale,Tsévié,4.27,1.68,Traditionnelle,185.0,0,994.0,Ferrugineux,2020,193700.0
Centrale,Tohoun,2.84,2.2,Améliorée,129.0,0,680.0,Vertisol,2022,204100.0
Savanes,Dévé,9.34,1.64,OPV,104.0,0,537.0,Ferrugineux,2020,168300.0
Centrale,Akplogan,1.67,3.09,Hybride,83.0,0,500.0,Ferralitique,2023,323000.0
Centrale,Bassar,3.36,1.95,Traditionnelle,0.0,1,,Hydromorphe,2023,183100.0
Centrale,Mango,0.66,2.66,Améliorée,0.0,0,923.0,Ferralitique,2022,277500.0
Plateaux,Akplogan,1.76,3.9,Hybride,112.0,0,1228.0,Vertisol,2020,342700.0
Savanes,Akplogan,8.8,1.21,Traditionnelle,111.0,0,1150.0,Ferralitique,2023,108900.0
Maritime,Tohoun,2.44,3.46,Hybride,0.0,0,1339.0,Ferrugineux,2021,273800.0
Kara,Dévé,1.35,2.6,Améliorée,82.0,1,1191.0,Ferralitique,2019,254200.0
Maritime,Tsévié,0.82,2.16,Améliorée,152.0,1,1178.0,Hydromorphe,2019,213700.0
Savanes,Tsévié,3.54,1.28,OPV,129.0,0,894.0,Ferrugineux,2019,139800.0
Kara,Tohoun,3.09,2.64,Améliorée,,0,609.0,Hydromorphe,2020,275500.0
Savanes,Dévé,1.67,2.45,Améliorée,132.0,0,859.0,Hydromorphe,2022,224400.0
Centrale,Tohoun,8.04,1.88,Traditionnelle,0.0,0,855.0,Hydromorphe,2023,152200.0
Kara,Tsévié,0.56,2.96,OPV,169.0,0,1013.0,Ferralitique,2021,296700.0
Centrale,Akplogan,1.41,1.32,Traditionnelle,124.0,0,908.0,Ferralitique,2021,143500.0
Maritime,Bassar,6.85,2.83,Hybride,61.0,0,1088.0,Ferralitique,2020,294600.0
Maritime,Dévé,1.47,2.05,Améliorée,185.0,1,614.0,Ferralitique,2019,221900.0
Kara,Mango,1.23,3.1,Hybride,134.0,0,1288.0,Ferrugineux,2020,286800.0
Kara,Mango,2.41,2.45,Traditionnelle,0.0,0,843.0,Ferralitique,2022,219100.0
Savanes,Akplogan,4.84,2.05,Améliorée,0.0,0,731.0,Ferrugineux,2022,176400.0
Savanes,Tohoun,0.77,1.49,Améliorée,135.0,1,,Hydromorphe,2023,140200.0
Centrale,Tohoun,7.66,1.98,Traditionnelle,0.0,1,756.0,Ferrugineux,2023,186200.0
Kara,Tsévié,4.46,2.32,Traditionnelle,0.0,0,1167.0,Vertisol,2022,225800.0
Maritime,Akplogan,1.0,2.19,Traditionnelle,106.0,0,,Ferralitique,2022,204800.0
Savanes,Tsévié,3.61,1.98,Traditionnelle,86.0,1,798.0,Vertisol,2022,185000.0
Savanes,Tsévié,1.72,1.15,Traditionnelle,0.0,0,815.0,Ferrugineux,2020,98400.0
Maritime,Mango,1.79,3.0,Améliorée,157.0,0,1235.0,Ferralitique,2022,318700.0
Savanes,Tsévié,4.32,1.9,Traditionnelle,126.0,1,872.0,Vertisol,2021,182000.0
Centrale,Tsévié,8.73,1.63,Améliorée,147.0,1,784.0,Ferralitique,2019,151100.0
Kara,Mango,0.84,3.05,Améliorée,118.0,0,1200.0,Ferrugineux,2022,262000.0
Maritime,Tohoun,1.86,1.65,Traditionnelle,129.0,0,1109.0,Vertisol,2019,130300.0
Kara,Dévé,2.14,1.97,Traditionnelle,0.0,0,906.0,Ferrugineux,2020,218100.0
Savanes,Bassar,1.68,1.78,OPV,0.0,0,1017.0,Vertisol,2019,181400.0
Savanes,Tsévié,1.63,1.84,Améliorée,113.0,1,606.0,Hydromorphe,2020,138800.0
Maritime,Dévé,0.63,1.78,Traditionnelle,174.0,0,1210.0,Hydromorphe,2021,185100.0
Centrale,Mango,3.39,1.69,Traditionnelle,25.0,1,710.0,Hydromorphe,2020,179300.0
Plateaux,Dévé,1.93,1.88,Traditionnelle,202.0,0,,Hydromorphe,2020,181300.0
Maritime,Bassar,1.04,2.27,OPV,51.0,0,943.0,Hydromorphe,2023,258800.0
Plateaux,Dévé,4.73,3.1,OPV,94.0,0,1396.0,Ferrugineux,2022,302700.0
Plateaux,Dévé,4.56,3.28,Hybride,0.0,0,779.0,Hydromorphe,2022,255700.0
Centrale,Dévé,2.17,2.58,Améliorée,0.0,0,1055.0,Ferrugineux,2021,256000.0
Plateaux,Dévé,1.39,3.6,Hybride,,0,1477.0,Hydromorphe,2021,352900.0
Plateaux,Akplogan,3.04,1.9,Traditionnelle,0.0,0,1140.0,Ferralitique,2022,166500.0
Centrale,Tsévié,1.35,2.1,OPV,0.0,0,796.0,Hydromorphe,2023,214000.0
Plateaux,Mango,1.17,3.26,OPV,96.0,0,1128.0,Ferralitique,2022,244200.0
Plateaux,Bassar,3.78,3.49,Hybride,131.0,0,1187.0,Ferrugineux,2023,372600.0
Plateaux,Mango,0.6,2.63,OPV,117.0,0,998.0,Hydromorphe,2021,222400.0
Maritime,Akplogan,0.75,1.94,Traditionnelle,0.0,0,1097.0,Vertisol,2019,161300.0
Maritime,Akplogan,0.52,2.61,OPV,0.0,0,1506.0,Ferrugineux,2021,244500.0
Maritime,Akplogan,0.91,2.89,Hybride,0.0,0,1333.0,Hydromorphe,2021,290000.0
Centrale,Tsévié,0.68,1.5,Traditionnelle,131.0,0,640.0,Ferrugineux,2020,145500.0
Savanes,Akplogan,14.18,2.63,Hybride,0.0,0,813.0,Vertisol,2020,226600.0
Plateaux,Dévé,1.35,3.17,OPV,96.0,0,1135.0,Hydromorphe,2020,281700.0
Plateaux,Mango,0.9,3.6,Hybride,85.0,1,1157.0,Vertisol,2020,293100.0
Centrale,Tohoun,1.19,2.91,Hybride,144.0,0,1071.0,Hydromorphe,2023,268200.0
Plateaux,Bassar,7.38,3.02,Améliorée,0.0,0,1093.0,Ferralitique,2022,325600.0
Maritime,Akplogan,2.34,1.91,OPV,153.0,0,1302.0,Ferrugineux,2019,181400.0
Savanes,Mango,1.63,2.0,OPV,83.0,1,864.0,Vertisol,2021,211100.0
Kara,Akplogan,5.67,3.55,Hybride,48.0,0,992.0,Ferrugineux,2023,398700.0
Plateaux,Tsévié,1.76,3.26,Améliorée,98.0,0,1190.0,Vertisol,2019,286300.0
Maritime,Akplogan,1.52,2.79,OPV,0.0,0,1163.0,Ferrugineux,2023,258500.0
Kara,Akplogan,1.08,1.83,Traditionnelle,116.0,0,816.0,Ferrugineux,2023,221400.0
Savanes,Akplogan,1.69,2.63,Hybride,0.0,1,721.0,Ferrugineux,2021,294900.0
Kara,Akplogan,1.45,2.32,OPV,0.0,1,640.0,Ferralitique,2022,174000.0
Maritime,Bassar,3.33,1.77,Traditionnelle,0.0,0,1209.0,Hydromorphe,2020,176900.0
Kara,Mango,1.35,2.7,OPV,126.0,1,1004.0,Ferralitique,2022,256200.0
Centrale,Tsévié,2.65,2.36,Traditionnelle,126.0,0,1004.0,Ferrugineux,2021,247500.0
Kara,Akplogan,0.67,4.07,Hybride,0.0,0,877.0,Vertisol,2021,350100.0
Plateaux,Akplogan,1.03,2.95,OPV,119.0,0,1265.0,Ferrugineux,2021,250900.0
Plateaux,Akplogan,1.81,2.47,OPV,,0,1188.0,Hydromorphe,2019,214200.0
Centrale,Akplogan,7.41,2.64,Améliorée,88.0,0,1072.0,Ferralitique,2022,233100.0
Maritime,Dévé,1.68,3.37,Hybride,0.0,0,1093.0,Hydromorphe,2022,353300.0
Plateaux,Dévé,3.23,2.42,Traditionnelle,0.0,0,1444.0,Vertisol,2023,195900.0
Savanes,Tohoun,1.24,2.55,OPV,67.0,1,1007.0,Hydromorphe,2023,223600.0
Plateaux,Akplogan,0.84,3.09,OPV,0.0,1,1542.0,Ferralitique,2023,227400.0
Plateaux,Tohoun,0.65,2.46,Traditionnelle,85.0,0,850.0,Vertisol,2021,263400.0
Maritime,Bassar,1.41,3.3,Hybride,,0,1287.0,Hydromorphe,2022,364400.0
Kara,Tohoun,0.93,2.95,Améliorée,208.0,1,893.0,Ferralitique,2021,268500.0
Plateaux,Mango,0.98,3.09,Améliorée,0.0,1,1041.0,Ferralitique,2019,282200.0
Centrale,Dévé,4.08,2.12,OPV,133.0,0,1113.0,Ferrugineux,2023,212800.0
Kara,Dévé,0.54,1.92,Traditionnelle,49.0,0,1030.0,Hydromorphe,2021,216700.0
Savanes,Akplogan,2.54,1.52,OPV,0.0,0,920.0,Vertisol,2021,151600.0
Maritime,Akplogan,1.69,1.93,Traditionnelle,84.0,0,1301.0,Ferrugineux,2019,167400.0
Savanes,Bassar,2.27,2.22,Améliorée,0.0,1,993.0,Hydromorphe,2020,167600.0
Kara,Tsévié,2.57,3.41,Hybride,75.0,0,905.0,Hydromorphe,2022,278700.0
Kara,Bassar,1.44,2.5,Traditionnelle,0.0,1,845.0,Vertisol,2020,239400.0
Kara,Mango,1.37,3.08,Améliorée,160.0,0,885.0,Ferrugineux,2023,268100.0
Savanes,Akplogan,3.81,2.05,OPV,120.0,1,500.0,Ferrugineux,2021,199400.0
Kara,Akplogan,5.63,1.57,Traditionnelle,85.0,0,938.0,Vertisol,2019,139000.0
Savanes,Bassar,1.03,1.98,Hybride,183.0,0,812.0,Ferrugineux,2019,163300.0
Kara,Bassar,0.76,2.83,OPV,89.0,0,1187.0,Ferralitique,2022,228900.0
Centrale,Bassar,6.2,2.27,OPV,33.0,0,903.0,Vertisol,2020,258300.0
Kara,Dévé,1.58,2.86,Améliorée,138.0,0,686.0,Hydromorphe,2022,302400.0
Savanes,Tohoun,2.5,1.52,Traditionnelle,75.0,0,891.0,Vertisol,2021,175800.0
Plateaux,Tohoun,1.61,2.44,OPV,0.0,0,1179.0,Ferralitique,2022,247900.0
Kara,Akplogan,0.84,2.74,Hybride,104.0,0,985.0,Vertisol,2019,246400.0
Plateaux,Dévé,2.72,2.37,Traditionnelle,144.0,0,1619.0,Hydromorphe,2019,262500.0
Centrale,Bassar,2.36,3.05,Hybride,176.0,0,1072.0,Hydromorphe,2023,288800.0
Maritime,Akplogan,1.07,2.74,OPV,71.0,0,1336.0,Vertisol,2023,267800.0
Centrale,Dévé,2.0,2.65,Hybride,0.0,1,906.0,Vertisol,2021,250900.0
Kara,Mango,4.49,2.7,Améliorée,116.0,0,654.0,Ferralitique,2020,160700.0
Plateaux,Tsévié,2.73,3.42,Hybride,0.0,1,1168.0,Ferralitique,2022,391300.0
Plateaux,Dévé,0.75,2.52,Traditionnelle,0.0,0,1266.0,Hydromorphe,2021,254200.0
Savanes,Akplogan,2.49,2.65,Hybride,0.0,0,989.0,Ferrugineux,2023,261900.0
Plateaux,Tohoun,3.53,3.77,Hybride,139.0,0,1376.0,Ferrugineux,2022,355400.0
Savanes,Bassar,4.43,2.11,Améliorée,0.0,0,975.0,Ferrugineux,2023,204600.0
Maritime,Tsévié,2.98,2.46,Hybride,0.0,0,1475.0,Ferrugineux,2022,216000.0
Kara,Mango,0.91,3.32,Hybride,57.0,0,849.0,Hydromorphe,2020,340100.0
Savanes,Tsévié,3.6,1.7,OPV,0.0,0,925.0,Ferrugineux,2021,135200.0
Maritime,Tsévié,3.33,2.23,OPV,0.0,0,1493.0,Ferrugineux,2022,216400.0
Plateaux,Dévé,0.56,2.31,Traditionnelle,0.0,0,978.0,Vertisol,2019,234800.0
Plateaux,Akplogan,1.83,2.4,OPV,0.0,0,1193.0,Ferrugineux,2019,222500.0
Maritime,Akplogan,1.51,2.8,OPV,196.0,0,1094.0,Vertisol,2022,278700.0
Plateaux,Tsévié,3.27,3.08,OPV,,0,886.0,Hydromorphe,2022,256200.0
Maritime,Bassar,1.11,2.69,OPV,199.0,0,1269.0,Vertisol,2022,224300.0
Savanes,Akplogan,2.73,1.48,Améliorée,150.0,0,827.0,Ferralitique,2019,144800.0
Savanes,Tsévié,6.61,2.04,OPV,0.0,0,804.0,Vertisol,2019,210800.0
Maritime,Akplogan,4.5,2.87,Améliorée,0.0,0,1194.0,Ferrugineux,2022,208300.0
Savanes,Bassar,6.86,2.16,Améliorée,142.0,0,630.0,Vertisol,2023,218400.0
Savanes,Mango,10.1,2.06,OPV,91.0,0,,Vertisol,2023,182200.0
Savanes,Tsévié,0.53,1.67,Hybride,0.0,0,780.0,Hydromorphe,2020,155000.0
Centrale,Tohoun,2.94,2.5,Améliorée,0.0,0,1030.0,Hydromorphe,2021,197200.0
Kara,Tohoun,1.83,3.11,Hybride,115.0,0,671.0,Ferrugineux,2023,263800.0
Plateaux,Tsévié,5.41,2.74,Hybride,0.0,0,1049.0,Ferralitique,2019,292500.0
Centrale,Dévé,1.23,1.85,OPV,0.0,0,1021.0,Ferralitique,2023,176200.0
Savanes,Mango,10.41,1.8,Traditionnelle,149.0,0,969.0,Vertisol,2020,163100.0
Maritime,Dévé,2.88,2.08,OPV,141.0,1,1392.0,Ferralitique,2020,194600.0
Savanes,Tohoun,4.44,2.0,Traditionnelle,0.0,0,945.0,Hydromorphe,2021,201800.0
Kara,Bassar,0.72,2.12,Traditionnelle,48.0,0,687.0,Ferrugineux,2023,212500.0
Savanes,Tsévié,1.01,1.17,OPV,0.0,0,855.0,Ferrugineux,2019,109900.0
Maritime,Akplogan,4.05,1.83,OPV,,0,1245.0,Hydromorphe,2019,197300.0
Kara,Tohoun,0.56,2.56,Traditionnelle,101.0,1,1043.0,Ferrugineux,2022,272600.0
Savanes,Mango,4.74,1.63,OPV,195.0,0,903.0,Vertisol,2019,163300.0
Kara,Tohoun,0.54,1.93,Traditionnelle,109.0,1,725.0,Ferrugineux,2021,184200.0
Plateaux,Mango,3.18,3.51,Hybride,65.0,0,1264.0,Ferralitique,2021,361400.0
Plateaux,Mango,1.64,2.67,OPV,107.0,0,1239.0,Ferrugineux,2019,263800.0
Savanes,Tsévié,2.86,2.44,Hybride,161.0,0,500.0,Ferrugineux,2019,262300.0
Kara,Mango,3.48,3.38,Améliorée,0.0,0,1041.0,Hydromorphe,2022,358000.0
Maritime,Dévé,1.55,2.59,Hybride,95.0,0,1034.0,Hydromorphe,2019,214600.0
Savanes,Bassar,0.79,2.02,Hybride,143.0,0,1116.0,Ferralitique,2022,165300.0
Plateaux,Tohoun,0.68,2.29,Traditionnelle,120.0,0,1037.0,Hydromorphe,2022,198400.0
Plateaux,Bassar,2.72,3.23,Hybride,0.0,1,987.0,Ferralitique,2019,344500.0
Savanes,Akplogan,2.34,1.47,OPV,129.0,0,950.0,Vertisol,2020,112200.0
Kara,Tohoun,3.89,1.71,Traditionnelle,139.0,0,952.0,Ferralitique,2020,170300.0
Plateaux,Bassar,2.28,3.36,Améliorée,102.0,0,1584.0,Ferrugineux,2022,334200.0
Kara,Bassar,1.87,2.27,OPV,129.0,0,724.0,Ferralitique,2019,246800.0
Plateaux,Tsévié,1.77,2.99,Améliorée,0.0,0,1214.0,Vertisol,2020,290200.0
Plateaux,Tsévié,0.57,2.92,Hybride,0.0,0,941.0,Ferrugineux,2019,230500.0
Centrale,Akplogan,1.52,1.85,OPV,0.0,0,1032.0,Ferralitique,2019,154500.0
Plateaux,Mango,9.83,2.24,OPV,0.0,0,1016.0,Hydromorphe,2019,181200.0
Maritime,Tohoun,5.67,3.18,Améliorée,110.0,0,1448.0,Hydromorphe,2023,281800.0
Savanes,Tsévié,1.5,1.99,OPV,128.0,0,869.0,Hydromorphe,2019,184700.0
Savanes,Tohoun,2.72,1.46,OPV,100.0,1,852.0,Ferralitique,2023,118500.0
Kara,Akplogan,5.2,2.34,OPV,79.0,0,828.0,Ferralitique,2022,264000.0
Plateaux,Tsévié,1.96,2.86,Hybride,0.0,0,1661.0,Vertisol,2020,226100.0
Maritime,Tsévié,0.55,2.36,Améliorée,0.0,0,904.0,Ferrugineux,2020,261900.0
Kara,Mango,0.69,2.37,OPV,0.0,1,873.0,Ferrugineux,2020,258700.0
Centrale,Tohoun,2.29,1.25,Traditionnelle,0.0,0,672.0,Ferrugineux,2020,131700.0
Kara,Tohoun,9.22,1.72,Traditionnelle,160.0,0,988.0,Ferrugineux,2020,148900.0
Kara,Tohoun,3.45,1.69,Traditionnelle,0.0,0,549.0,Ferralitique,2020,167900.0
Plateaux,Mango,0.68,2.27,Traditionnelle,0.0,0,1267.0,Ferralitique,2020,180600.0
Centrale,Tsévié,1.02,2.78,Hybride,0.0,1,1033.0,Vertisol,2022,294600.0
Kara,Akplogan,4.19,2.06,OPV,139.0,0,991.0,Ferrugineux,2019,194200.0
Maritime,Tohoun,5.1,2.73,Améliorée,175.0,0,1056.0,Ferralitique,2021,245600.0
Maritime,Bassar,2.9,2.43,OPV,170.0,0,1610.0,Ferralitique,2023,195000.0
Savanes,Mango,3.09,2.23,Hybride,148.0,0,773.0,Ferralitique,2021,145500.0
Centrale,Dévé,0.57,2.26,Traditionnelle,145.0,1,853.0,Ferralitique,2021,186700.0
Centrale,Akplogan,4.91,2.8,Hybride,0.0,0,613.0,Ferrugineux,2019,303600.0
Savanes,Bassar,4.38,1.29,OPV,133.0,0,767.0,Ferrugineux,2019,116300.0
Kara,Tohoun,1.25,2.81,Améliorée,145.0,0,1017.0,Ferralitique,2019,261600.0
Centrale,Dévé,3.58,2.76,Hybride,107.0,0,1157.0,Hydromorphe,2020,284300.0
Maritime,Akplogan,1.1,2.45,Améliorée,65.0,0,1117.0,Vertisol,2022,285800.0
Maritime,Mango,0.6,3.08,Hybride,0.0,1,1207.0,Ferrugineux,2020,341600.0
Plateaux,Dévé,1.06,3.72,Améliorée,119.0,1,1222.0,Ferrugineux,2022,310100.0
Centrale,Tsévié,0.99,2.15,Améliorée,0.0,0,1019.0,Hydromorphe,2022,153900.0
Kara,Dévé,1.53,1.81,Traditionnelle,197.0,0,755.0,Ferrugineux,2021,223800.0
Savanes,Bassar,1.86,2.38,Améliorée,0.0,0,955.0,Hydromorphe,2021,291400.0
Savanes,Akplogan,2.28,1.69,Traditionnelle,0.0,0,855.0,Hydromorphe,2022,164500.0
Kara,Bassar,2.12,2.79,OPV,102.0,0,1138.0,Ferralitique,2022,222300.0
Plateaux,Bassar,1.29,2.75,OPV,107.0,0,1143.0,Ferrugineux,2020,292800.0
Savanes,Tohoun,0.57,1.59,Traditionnelle,0.0,0,1013.0,Vertisol,2020,148700.0
Centrale,Mango,2.82,1.36,Traditionnelle,90.0,0,850.0,Hydromorphe,2021,127500.0
Plateaux,Dévé,1.76,3.46,Hybride,141.0,0,925.0,Vertisol,2019,366300.0
Centrale,Akplogan,1.39,3.11,Hybride,0.0,0,867.0,Ferralitique,2022,308000.0
Maritime,Tsévié,5.54,2.77,Hybride,157.0,1,804.0,Ferrugineux,2020,223400.0
Plateaux,Mango,3.93,2.76,OPV,127.0,0,1209.0,Ferralitique,2021,251300.0
Savanes,Mango,5.38,1.75,Hybride,105.0,0,889.0,Ferralitique,2020,179700.0
Plateaux,Akplogan,2.21,3.41,Améliorée,0.0,0,1010.0,Vertisol,2022,345300.0
Plateaux,Mango,0.85,3.43,Améliorée,0.0,0,1033.0,Vertisol,2022,336800.0
Plateaux,Tohoun,3.48,3.76,Hybride,166.0,0,1353.0,Hydromorphe,2023,399500.0
Plateaux,Mango,1.08,3.17,Améliorée,103.0,0,891.0,Ferrugineux,2019,287600.0
Centrale,Tohoun,1.96,2.2,OPV,148.0,1,711.0,Ferralitique,2023,214100.0
Maritime,Dévé,0.67,2.84,Améliorée,0.0,0,1319.0,Hydromorphe,2021,154900.0
Kara,Dévé,4.86,2.09,OPV,128.0,0,686.0,Hydromorphe,2020,187100.0
Plateaux,Bassar,0.84,2.3,Traditionnelle,25.0,0,1153.0,Ferralitique,2021,239900.0
Savanes,Tohoun,6.34,1.56,Traditionnelle,0.0,1,1012.0,Ferralitique,2022,140700.0
Plateaux,Tsévié,5.49,2.59,Traditionnelle,169.0,0,1284.0,Hydromorphe,2023,231300.0
Savanes,Dévé,2.06,1.57,Traditionnelle,141.0,1,917.0,Ferralitique,2023,129500.0
Centrale,Mango,3.91,2.55,Améliorée,0.0,0,816.0,Ferralitique,2023,273200.0
Savanes,Akplogan,2.92,2.56,Hybride,51.0,1,763.0,Vertisol,2021,259800.0
Kara,Akplogan,4.56,2.82,Améliorée,0.0,0,1143.0,Ferrugineux,2022,295700.0
Maritime,Tohoun,1.91,1.79,OPV,136.0,0,1292.0,Hydromorphe,2020,132700.0
Savanes,Tsévié,4.35,2.51,Améliorée,136.0,1,755.0,Ferralitique,2020,233600.0
Savanes,Bassar,2.05,2.49,Améliorée,168.0,1,914.0,Hydromorphe,2021,228500.0
Maritime,Mango,7.57,2.2,OPV,114.0,0,1002.0,Ferrugineux,2023,202000.0
Kara,Tohoun,2.17,2.11,Traditionnelle,136.0,0,875.0,Hydromorphe,2019,184600.0
Plateaux,Akplogan,2.05,2.16,Traditionnelle,0.0,0,1038.0,Hydromorphe,2021,196100.0
Savanes,Tohoun,4.34,1.62,Traditionnelle,80.0,0,996.0,Hydromorphe,2021,170300.0
Maritime,Mango,4.81,3.19,Hybride,0.0,0,1252.0,Vertisol,2022,230100.0
Centrale,Tsévié,2.52,1.95,OPV,0.0,1,,Ferrugineux,2020,226300.0
Maritime,Tsévié,1.0,2.14,OPV,0.0,0,1357.0,Ferrugineux,2021,215800.0
Centrale,Dévé,2.08,2.17,Améliorée,95.0,0,986.0,Hydromorphe,2021,204900.0
Kara,Mango,9.11,3.15,Hybride,0.0,0,500.0,Hydromorphe,2023,333000.0
Plateaux,Dévé,4.0,2.27,Traditionnelle,0.0,0,1310.0,Ferrugineux,2023,176100.0
Maritime,Dévé,4.67,2.68,Hybride,0.0,1,1289.0,Ferralitique,2019,233200.0
Savanes,Dévé,0.58,1.72,OPV,0.0,0,,Vertisol,2022,160600.0
Kara,Tohoun,2.08,2.48,OPV,194.0,0,1113.0,Ferrugineux,2019,276800.0
Maritime,Akplogan,3.1,3.36,Améliorée,34.0,0,1273.0,Hydromorphe,2023,317500.0
Savanes,Tsévié,4.93,1.81,Améliorée,0.0,0,1057.0,Ferralitique,2020,181800.0
Maritime,Tohoun,0.63,2.66,OPV,111.0,1,783.0,Ferralitique,2023,234200.0
Centrale,Akplogan,5.28,1.99,Traditionnelle,178.0,1,924.0,Ferralitique,2022,200700.0
Maritime,Tsévié,2.49,2.3,Traditionnelle,54.0,0,1643.0,Vertisol,2023,265000.0
Maritime,Mango,1.05,3.13,Hybride,197.0,0,1128.0,Vertisol,2022,334500.0
Maritime,Tsévié,1.45,2.71,OPV,125.0,0,1054.0,Ferrugineux,2022,254500.0
Kara,Tsévié,1.33,2.77,OPV,0.0,0,776.0,Ferrugineux,2022,285300.0
Maritime,Tsévié,2.39,1.7,Traditionnelle,112.0,0,1262.0,Ferrugineux,2022,173100.0
Savanes,Bassar,0.63,1.87,Traditionnelle,102.0,0,886.0,Ferrugineux,2022,189100.0
Centrale,Mango,0.93,2.28,OPV,161.0,0,,Hydromorphe,2020,247300.0
Centrale,Tohoun,4.69,1.93,Améliorée,77.0,0,934.0,Vertisol,2019,209000.0
Maritime,Tohoun,0.86,2.39,OPV,0.0,0,1318.0,Ferralitique,2021,223200.0
Kara,Akplogan,1.16,2.48,OPV,,1,926.0,Hydromorphe,2019,255200.0
Kara,Tohoun,2.01,2.12,Traditionnelle,89.0,0,,Ferrugineux,2022,191900.0
Savanes,Dévé,2.32,1.79,Traditionnelle,0.0,1,1454.0,Ferrugineux,2020,150400.0
Maritime,Tsévié,4.11,3.63,Améliorée,,0,1374.0,Hydromorphe,2023,332700.0
Centrale,Tohoun,1.98,2.03,Améliorée,144.0,0,676.0,Ferralitique,2020,191200.0
Kara,Akplogan,4.4,2.86,Hybride,165.0,0,942.0,Vertisol,2022,214900.0
Maritime,Akplogan,2.91,2.36,OPV,63.0,0,1187.0,Vertisol,2020,248500.0
Kara,Dévé,0.8,2.21,Traditionnelle,190.0,0,717.0,Ferralitique,2020,136700.0
Kara,Akplogan,0.92,2.88,Améliorée,19.0,0,659.0,Vertisol,2022,367500.0
Centrale,Bassar,1.94,2.96,Hybride,0.0,0,978.0,Ferrugineux,2020,334100.0
Plateaux,Tsévié,1.76,3.06,Hybride,0.0,0,1438.0,Ferrugineux,2021,281400.0
Savanes,Tsévié,3.9,1.75,Traditionnelle,0.0,1,,Ferrugineux,2021,166200.0
Savanes,Tsévié,2.67,1.29,Traditionnelle,0.0,0,1079.0,Ferrugineux,2020,127100.0
Centrale,Mango,1.73,3.4,Hybride,0.0,0,1147.0,Ferralitique,2023,298600.0
Kara,Tohoun,0.97,3.55,Améliorée,119.0,0,747.0,Vertisol,2022,345200.0
Maritime,Bassar,1.14,2.74,Hybride,80.0,0,1446.0,Vertisol,2021,255600.0
Kara,Tohoun,2.64,2.57,OPV,0.0,0,,Hydromorphe,2023,241300.0
Centrale,Bassar,1.88,2.27,OPV,0.0,0,815.0,Ferralitique,2020,221000.0
Savanes,Tohoun,2.31,1.56,Traditionnelle,0.0,0,761.0,Vertisol,2023,123900.0
Kara,Dévé,0.97,2.55,Améliorée,183.0,0,1190.0,Vertisol,2019,243600.0
Savanes,Akplogan,3.22,2.09,Améliorée,0.0,0,941.0,Hydromorphe,2021,202300.0
Maritime,Akplogan,5.29,1.69,OPV,0.0,0,1170.0,Ferrugineux,2020,163400.0
Savanes,Dévé,1.25,2.41,Hybride,,1,752.0,Vertisol,2022,222800.0
Savanes,Bassar,2.19,1.26,Traditionnelle,167.0,0,681.0,Ferrugineux,2020,137200.0
Plateaux,Mango,9.78,3.47,Hybride,0.0,0,1444.0,Hydromorphe,2022,315300.0
Plateaux,Bassar,1.51,3.74,Hybride,128.0,1,1411.0,Vertisol,2020,365600.0
Plateaux,Akplogan,2.76,3.4,Hybride,0.0,0,1374.0,Ferrugineux,2023,376300.0
Savanes,Mango,0.74,2.51,Améliorée,158.0,0,898.0,Ferralitique,2023,236200.0
Centrale,Tohoun,2.83,2.22,OPV,145.0,0,,Ferrugineux,2023,216600.0
Savanes,Mango,0.73,1.81,Améliorée,0.0,0,698.0,Ferrugineux,2019,169500.0
Centrale,Bassar,8.5,2.45,OPV,66.0,1,1021.0,Ferrugineux,2022,268600.0
Centrale,Dévé,3.64,2.02,Traditionnelle,0.0,0,1009.0,Ferrugineux,2023,185800.0
Plateaux,Tohoun,4.38,2.27,Traditionnelle,0.0,0,1413.0,Ferralitique,2019,250700.0
Kara,Bassar,3.54,3.57,Hybride,0.0,0,717.0,Hydromorphe,2022,334500.0
Maritime,Tohoun,2.73,2.17,OPV,75.0,1,1017.0,Ferrugineux,2020,183700.0
Plateaux,Mango,1.99,2.34,OPV,0.0,0,1033.0,Ferrugineux,2019,241000.0
Plateaux,Akplogan,5.39,2.45,OPV,0.0,0,,Vertisol,2021,223500.0
Kara,Bassar,8.36,2.6,Hybride,0.0,1,1067.0,Vertisol,2019,266600.0
Maritime,Dévé,2.23,3.58,Hybride,0.0,0,1095.0,Ferralitique,2019,223100.0
Savanes,Mango,7.2,1.98,Traditionnelle,95.0,0,692.0,Ferralitique,2022,188500.0
Savanes,Bassar,2.69,1.58,Améliorée,0.0,0,948.0,Ferralitique,2020,141300.0
Plateaux,Dévé,2.43,2.38,OPV,0.0,0,1208.0,Vertisol,2021,195300.0
Maritime,Bassar,2.02,2.74,OPV,165.0,0,913.0,Ferrugineux,2023,241800.0
Plateaux,Mango,1.09,3.57,Améliorée,127.0,0,937.0,Vertisol,2023,314200.0
Centrale,Bassar,0.51,2.08,OPV,130.0,0,1049.0,Hydromorphe,2019,196800.0
Plateaux,Tohoun,1.19,3.55,Hybride,,0,773.0,Ferralitique,2022,278700.0
Plateaux,Mango,2.28,3.58,Hybride,,0,1403.0,Ferralitique,2022,354200.0
Savanes,Bassar,1.69,2.11,OPV,111.0,0,938.0,Ferralitique,2023,235500.0
Savanes,Akplogan,1.99,2.34,Hybride,129.0,0,1091.0,Hydromorphe,2021,229800.0
Savanes,Bassar,10.36,1.54,Hybride,0.0,1,832.0,Ferrugineux,2020,161200.0
Centrale,Tohoun,1.58,2.04,OPV,76.0,0,1143.0,Ferrugineux,2021,220900.0
Savanes,Dévé,2.0,1.21,Traditionnelle,0.0,1,1133.0,Ferrugineux,2020,133400.0
Maritime,Dévé,0.86,2.97,Améliorée,142.0,0,1399.0,Ferralitique,2023,348600.0
Kara,Dévé,0.62,3.89,Hybride,114.0,0,955.0,Ferrugineux,2020,346100.0
Maritime,Akplogan,4.23,2.18,Traditionnelle,151.0,0,872.0,Vertisol,2022,188300.0
Maritime,Tohoun,2.61,2.61,Hybride,73.0,1,843.0,Ferralitique,2019,272100.0
Savanes,Mango,4.08,2.38,Hybride,105.0,1,981.0,Hydromorphe,2019,246000.0
Kara,Dévé,0.91,3.22,Améliorée,0.0,0,810.0,Hydromorphe,2023,336200.0
Kara,Tohoun,2.62,3.4,Hybride,122.0,1,819.0,Ferrugineux,2022,400500.0
Kara,Bassar,1.23,3.0,Améliorée,0.0,0,943.0,Ferralitique,2021,285700.0
Centrale,Akplogan,1.15,3.1,Améliorée,0.0,0,668.0,Vertisol,2022,310400.0
Savanes,Tohoun,0.53,1.55,Améliorée,64.0,1,874.0,Vertisol,2019,129100.0
Kara,Tohoun,0.85,2.04,Traditionnelle,0.0,1,1097.0,Ferralitique,2019,246300.0
Centrale,Mango,1.43,1.93,OPV,0.0,1,506.0,Ferrugineux,2022,175600.0
Plateaux,Tohoun,0.81,2.58,Traditionnelle,107.0,0,796.0,Hydromorphe,2022,235700.0
Plateaux,Mango,11.15,2.24,OPV,154.0,0,1229.0,Hydromorphe,2019,203900.0
Centrale,Akplogan,1.42,1.99,OPV,0.0,0,817.0,Vertisol,2021,173400.0
Centrale,Akplogan,0.85,2.5,Améliorée,0.0,0,998.0,Vertisol,2023,215900.0
Savanes,Bassar,1.05,2.81,Hybride,0.0,1,901.0,Vertisol,2023,249500.0
Savanes,Mango,2.72,2.45,Améliorée,151.0,0,1121.0,Hydromorphe,2022,192500.0
Plateaux,Mango,0.67,3.41,Hybride,0.0,0,1126.0,Vertisol,2023,291500.0
Kara,Dévé,5.46,2.3,OPV,182.0,0,648.0,Hydromorphe,2019,271900.0
Plateaux,Dévé,8.64,2.62,Améliorée,0.0,0,1057.0,Hydromorphe,2019,272200.0
Kara,Bassar,1.21,2.9,Hybride,0.0,0,863.0,Ferrugineux,2022,307700.0
Kara,Akplogan,2.0,2.12,Traditionnelle,106.0,0,915.0,Ferrugineux,2022,231300.0
Savanes,Tsévié,0.56,2.32,Hybride,0.0,1,769.0,Ferrugineux,2022,271700.0
Maritime,Dévé,3.06,3.4,Améliorée,,0,1001.0,Vertisol,2021,250800.0
Maritime,Tohoun,1.84,2.29,Traditionnelle,0.0,1,1164.0,Hydromorphe,2023,183700.0
Centrale,Akplogan,1.29,2.35,Hybride,136.0,0,767.0,Vertisol,2022,200300.0
Savanes,Tsévié,1.08,2.04,Hybride,55.0,0,660.0,Hydromorphe,2020,181900.0
Kara,Tohoun,3.15,3.3,Hybride,0.0,0,831.0,Ferrugineux,2020,301500.0
Maritime,Mango,1.85,3.33,Hybride,0.0,1,905.0,Ferrugineux,2019,298200.0
Kara,Akplogan,1.0,2.94,Hybride,0.0,0,943.0,Vertisol,2023,287400.0
Maritime,Bassar,3.42,1.51,Traditionnelle,153.0,0,1266.0,Hydromorphe,2022,143700.0
Maritime,Mango,2.58,2.83,OPV,154.0,0,1451.0,Vertisol,2020,244200.0
Maritime,Mango,5.39,2.28,Traditionnelle,,0,1110.0,Ferralitique,2023,156900.0
Savanes,Tohoun,0.81,1.14,Traditionnelle,75.0,1,959.0,Vertisol,2019,94700.0
Plateaux,Mango,4.35,2.47,Traditionnelle,0.0,0,806.0,Ferrugineux,2021,218400.0
Kara,Dévé,3.3,1.95,OPV,0.0,0,865.0,Hydromorphe,2023,179000.0
Savanes,Akplogan,0.81,2.27,Améliorée,0.0,0,1091.0,Hydromorphe,2023,184800.0
Savanes,Dévé,3.47,1.95,OPV,0.0,0,891.0,Vertisol,2021,173400.0
Savanes,Tohoun,1.96,1.96,Traditionnelle,0.0,0,991.0,Ferrugineux,2023,159400.0
Savanes,Tsévié,7.75,1.8,Hybride,141.0,0,843.0,Ferralitique,2019,167900.0
Savanes,Tohoun,0.88,2.13,Hybride,115.0,0,715.0,Vertisol,2019,174600.0
Centrale,Akplogan,3.07,1.48,Traditionnelle,118.0,0,878.0,Hydromorphe,2021,125700.0
Kara,Mango,1.7,3.35,Hybride,0.0,0,956.0,Ferrugineux,2022,266000.0
Savanes,Bassar,8.36,1.2,Traditionnelle,213.0,1,782.0,Hydromorphe,2020,111900.0
Kara,Tohoun,1.5,3.16,Hybride,63.0,0,858.0,Hydromorphe,2022,266900.0
Centrale,Akplogan,8.69,2.01,OPV,115.0,0,731.0,Hydromorphe,2023,212300.0
Centrale,Bassar,6.29,2.46,Améliorée,0.0,1,1101.0,Hydromorphe,2020,246000.0
Kara,Mango,1.29,3.08,Améliorée,0.0,0,847.0,Ferralitique,2021,289900.0
Maritime,Tsévié,4.57,2.31,OPV,0.0,0,1089.0,Ferrugineux,2021,197000.0
Plateaux,Tohoun,14.07,2.66,OPV,0.0,0,1400.0,Vertisol,2020,264600.0
Maritime,Tsévié,1.23,1.37,Traditionnelle,145.0,0,1100.0,Ferrugineux,2019,141000.0
Maritime,Akplogan,1.94,1.8,Traditionnelle,0.0,1,1044.0,Ferrugineux,2020,174100.0
Maritime,Tsévié,2.34,2.14,Traditionnelle,0.0,0,1048.0,Ferrugineux,2023,245000.0
Savanes,Tsévié,1.37,2.89,Hybride,128.0,0,635.0,Vertisol,2019,290100.0
Centrale,Akplogan,0.54,1.43,Traditionnelle,136.0,0,653.0,Ferrugineux,2021,151100.0
Maritime,Akplogan,1.12,2.71,OPV,176.0,0,834.0,Vertisol,2020,261500.0
Centrale,Tohoun,1.33,2.78,Améliorée,85.0,1,921.0,Vertisol,2022,287000.0
Kara,Tsévié,1.97,3.36,Hybride,0.0,0,970.0,Ferralitique,2022,287200.0
Plateaux,Bassar,0.97,3.05,Traditionnelle,0.0,0,1183.0,Hydromorphe,2023,272800.0
Kara,Akplogan,5.66,3.39,Hybride,0.0,0,684.0,Vertisol,2022,336200.0
Kara,Mango,3.55,3.11,Hybride,106.0,0,1060.0,Hydromorphe,2020,308100.0
Savanes,Tsévié,0.72,1.45,Traditionnelle,164.0,0,952.0,Ferrugineux,2020,147000.0
Plateaux,Akplogan,3.13,3.99,Hybride,0.0,0,966.0,Hydromorphe,2022,431700.0
Kara,Bassar,3.15,3.02,Améliorée,145.0,0,1002.0,Hydromorphe,2020,235400.0
Kara,Tohoun,8.32,2.55,OPV,0.0,0,1194.0,Hydromorphe,2023,212300.0
Plateaux,Tsévié,0.51,2.12,OPV,140.0,1,1263.0,Ferrugineux,2019,207700.0
Plateaux,Akplogan,1.21,3.34,Améliorée,0.0,0,1023.0,Ferrugineux,2023,288400.0
Kara,Akplogan,7.07,3.18,Hybride,0.0,0,935.0,Vertisol,2023,431000.0
Plateaux,Mango,7.23,2.19,Traditionnelle,127.0,1,1461.0,Vertisol,2020,221200.0
Kara,Mango,3.69,3.22,Hybride,131.0,0,522.0,Ferralitique,2019,303000.0
Kara,Tsévié,4.13,2.56,Améliorée,132.0,1,,Ferrugineux,2020,227000.0
Savanes,Akplogan,0.74,2.3,Hybride,0.0,1,879.0,Ferralitique,2021,205000.0
Maritime,Tsévié,2.3,2.29,OPV,0.0,0,1152.0,Ferrugineux,2020,217900.0
Kara,Akplogan,1.16,3.25,Hybride,0.0,0,782.0,Hydromorphe,2020,312800.0
Centrale,Mango,1.0,1.59,Améliorée,156.0,0,891.0,Ferralitique,2020,142700.0
Maritime,Bassar,4.66,1.98,OPV,136.0,0,1167.0,Ferralitique,2019,181400.0
Maritime,Dévé,0.86,2.9,Hybride,110.0,0,1242.0,Ferralitique,2020,322100.0
Maritime,Dévé,2.08,3.06,Hybride,0.0,0,1001.0,Ferrugineux,2019,341500.0
Savanes,Akplogan,7.47,1.78,OPV,114.0,0,747.0,Vertisol,2022,174900.0
Kara,Mango,1.01,1.53,Traditionnelle,131.0,0,824.0,Ferralitique,2021,120500.0
Savanes,Tohoun,10.04,1.87,OPV,44.0,0,818.0,Vertisol,2019,189300.0
Kara,Tohoun,13.41,1.99,Traditionnelle,0.0,1,577.0,Ferrugineux,2022,226700.0
Savanes,Dévé,2.53,1.53,Améliorée,94.0,0,841.0,Ferralitique,2019,170800.0
Savanes,Bassar,0.97,1.7,Améliorée,128.0,0,1032.0,Ferrugineux,2019,176800.0
Centrale,Dévé,1.45,2.06,OPV,110.0,0,671.0,Vertisol,2021,230500.0
Savanes,Akplogan,1.88,1.83,OPV,179.0,1,1089.0,Vertisol,2023,175500.0
Plateaux,Bassar,1.43,2.74,Améliorée,0.0,1,806.0,Ferralitique,2023,281000.0
Centrale,Tohoun,1.32,1.87,Traditionnelle,89.0,0,768.0,Vertisol,2019,162300.0
Savanes,Mango,9.46,2.37,Améliorée,180.0,1,,Hydromorphe,2020,233200.0
Maritime,Mango,0.92,2.68,OPV,0.0,0,1001.0,Hydromorphe,2022,297300.0
Plateaux,Akplogan,3.8,2.64,Améliorée,0.0,1,1284.0,Ferralitique,2020,231700.0
Plateaux,Dévé,0.5,2.59,OPV,0.0,0,1029.0,Ferrugineux,2020,218900.0
Plateaux,Akplogan,2.77,2.52,OPV,92.0,0,1220.0,Ferrugineux,2019,242200.0
Centrale,Mango,6.69,2.34,Améliorée,0.0,0,914.0,Ferrugineux,2019,215900.0
Savanes,Tohoun,1.35,1.6,Traditionnelle,109.0,0,,Hydromorphe,2019,164500.0
Savanes,Mango,1.01,1.88,Hybride,0.0,1,521.0,Vertisol,2019,168400.0
Maritime,Bassar,3.14,2.94,Améliorée,107.0,0,1175.0,Hydromorphe,2023,340000.0
Maritime,Tsévié,3.62,2.84,Hybride,0.0,1,1120.0,Vertisol,2019,225600.0
Plateaux,Mango,3.41,3.84,Améliorée,0.0,0,963.0,Hydromorphe,2023,422400.0
Maritime,Mango,1.46,3.45,Hybride,144.0,0,1120.0,Ferrugineux,2023,296200.0
Centrale,Tsévié,1.23,1.84,Traditionnelle,104.0,0,768.0,Ferrugineux,2019,134900.0
Savanes,Bassar,8.3,1.57,Traditionnelle,0.0,0,867.0,Ferrugineux,2021,153200.0
Plateaux,Dévé,6.92,3.68,Améliorée,0.0,1,1237.0,Ferralitique,2022,338700.0
Maritime,Mango,2.03,2.39,OPV,0.0,0,1066.0,Ferralitique,2020,195300.0
Centrale,Akplogan,5.18,2.62,Hybride,131.0,0,678.0,Vertisol,2023,196200.0
Centrale,Mango,2.01,2.63,OPV,126.0,0,714.0,Ferralitique,2022,249500.0
Maritime,Akplogan,1.88,2.59,OPV,178.0,0,1298.0,Hydromorphe,2021,275900.0
Savanes,Bassar,0.93,1.63,OPV,158.0,1,1132.0,Hydromorphe,2020,166400.0
Maritime,Mango,1.89,1.75,Traditionnelle,68.0,0,1296.0,Vertisol,2020,167100.0
Plateaux,Bassar,2.43,3.49,Améliorée,0.0,1,1159.0,Vertisol,2023,351700.0
Maritime,Bassar,0.56,2.57,Améliorée,143.0,0,1094.0,Ferrugineux,2019,243200.0
Centrale,Dévé,1.97,1.82,Traditionnelle,117.0,0,1032.0,Ferralitique,2021,141600.0
Maritime,Mango,4.3,2.25,Traditionnelle,0.0,1,915.0,Ferrugineux,2023,175700.0
Savanes,Akplogan,3.35,2.59,Améliorée,0.0,0,1029.0,Ferralitique,2021,239600.0
Kara,Akplogan,3.02,2.6,OPV,0.0,0,,Ferralitique,2019,242100.0
Maritime,Mango,6.51,2.76,Hybride,0.0,0,1448.0,Vertisol,2019,290100.0
Savanes,Tsévié,0.55,2.8,Hybride,151.0,0,776.0,Ferrugineux,2023,291700.0
Savanes,Dévé,2.54,1.79,Hybride,104.0,1,1192.0,Ferrugineux,2019,183100.0
Centrale,Dévé,4.37,2.33,OPV,182.0,0,969.0,Ferralitique,2022,213300.0
Savanes,Dévé,2.45,2.53,Améliorée,88.0,1,990.0,Ferralitique,2020,198200.0
Savanes,Akplogan,1.48,1.61,Traditionnelle,146.0,0,595.0,Vertisol,2023,161400.0
Savanes,Bassar,0.87,1.82,Améliorée,177.0,0,869.0,Hydromorphe,2021,184800.0
Savanes,Tsévié,5.96,1.74,OPV,0.0,0,754.0,Ferrugineux,2022,115200.0
Plateaux,Dévé,2.09,2.19,Traditionnelle,0.0,0,,Ferrugineux,2023,186400.0
Plateaux,Akplogan,5.76,2.28,OPV,165.0,1,,Vertisol,2019,198100.0
Centrale,Akplogan,2.7,2.29,Hybride,0.0,0,527.0,Vertisol,2019,220700.0
Maritime,Bassar,3.3,2.28,Hybride,0.0,0,1107.0,Ferrugineux,2019,194500.0
Savanes,Mango,4.58,1.68,OPV,90.0,1,1102.0,Ferrugineux,2019,159300.0
Maritime,Mango,3.19,2.25,Traditionnelle,158.0,1,913.0,Ferralitique,2021,208100.0
Maritime,Dévé,1.77,1.8,Traditionnelle,0.0,0,1095.0,Hydromorphe,2022,167300.0
Centrale,Dévé,2.3,2.72,Améliorée,73.0,1,963.0,Ferrugineux,2020,235300.0
Savanes,Tsévié,4.56,2.46,Hybride,71.0,0,961.0,Vertisol,2021,215100.0
Savanes,Bassar,1.67,2.39,Améliorée,0.0,0,851.0,Ferralitique,2021,195900.0
Kara,Dévé,1.73,2.5,Améliorée,0.0,0,681.0,Ferralitique,2020,248500.0
Maritime,Bassar,0.75,2.52,OPV,108.0,0,1170.0,Vertisol,2020,257100.0
Maritime,Akplogan,6.65,1.83,OPV,0.0,0,921.0,Vertisol,2019,157100.0
Plateaux,Dévé,0.74,3.39,Améliorée,0.0,0,1318.0,Ferralitique,2021,383400.0
Kara,Akplogan,3.11,3.47,Hybride,35.0,0,875.0,Vertisol,2023,316700.0
Plateaux,Tohoun,1.83,2.81,OPV,103.0,0,1161.0,Ferralitique,2020,318800.0
Plateaux,Bassar,1.8,2.62,Améliorée,0.0,1,1110.0,Vertisol,2020,229100.0
Plateaux,Tohoun,3.35,2.99,Améliorée,0.0,0,1042.0,Ferralitique,2022,211500.0
Centrale,Dévé,0.67,2.77,Améliorée,0.0,0,840.0,Ferrugineux,2023,276600.0
Centrale,Akplogan,2.75,2.31,Améliorée,47.0,0,659.0,Ferrugineux,2023,226100.0
Plateaux,Dévé,4.2,3.12,Améliorée,0.0,0,1126.0,Vertisol,2020,297300.0
Kara,Tohoun,4.9,2.15,Améliorée,155.0,0,863.0,Hydromorphe,2019,188100.0
Maritime,Dévé,0.97,2.74,OPV,170.0,0,1264.0,Ferrugineux,2022,259000.0
Kara,Tsévié,6.19,3.05,Hybride,0.0,0,1189.0,Ferralitique,2023,271100.0
Savanes,Mango,3.17,2.15,Améliorée,87.0,0,896.0,Hydromorphe,2020,196500.0
Centrale,Tohoun,5.84,2.11,Traditionnelle,73.0,0,952.0,Ferralitique,2023,221500.0
Maritime,Dévé,2.16,2.27,OPV,139.0,0,922.0,Ferralitique,2022,221200.0
Maritime,Akplogan,2.45,2.66,OPV,0.0,0,1232.0,Ferrugineux,2022,272000.0
Savanes,Dévé,6.78,2.16,Améliorée,136.0,0,1010.0,Vertisol,2021,198900.0
Savanes,Akplogan,6.25,1.6,OPV,39.0,0,620.0,Vertisol,2020,145600.0
Plateaux,Mango,1.99,2.96,Améliorée,85.0,0,1052.0,Ferralitique,2022,240000.0
Centrale,Dévé,1.3,2.05,Hybride,0.0,0,918.0,Ferrugineux,2021,185800.0
Centrale,Mango,1.75,2.74,Hybride,139.0,0,907.0,Ferralitique,2021,151400.0
Kara,Tohoun,1.73,2.27,OPV,0.0,0,1087.0,Hydromorphe,2023,199300.0
Plateaux,Akplogan,1.35,3.05,OPV,0.0,1,893.0,Ferralitique,2023,287000.0
Plateaux,Tsévié,1.28,2.23,Traditionnelle,133.0,1,1161.0,Ferrugineux,2021,227000.0
Plateaux,Tohoun,5.43,3.23,OPV,123.0,0,1260.0,Ferralitique,2023,296200.0
Plateaux,Akplogan,0.68,2.32,Traditionnelle,147.0,0,1235.0,Ferrugineux,2022,230500.0
Centrale,Mango,3.33,2.3,Hybride,132.0,0,915.0,Vertisol,2019,158400.0
Centrale,Bassar,0.97,2.98,Hybride,122.0,0,708.0,Ferrugineux,2022,281000.0
Plateaux,Dévé,1.56,3.22,Améliorée,0.0,0,1187.0,Hydromorphe,2021,240900.0
Kara,Mango,0.66,3.23,Hybride,123.0,0,1318.0,Ferrugineux,2021,260000.0
Maritime,Akplogan,1.29,2.21,Traditionnelle,0.0,0,761.0,Hydromorphe,2022,205100.0
Maritime,Akplogan,4.16,2.13,OPV,0.0,1,1168.0,Hydromorphe,2023,235100.0
Kara,Akplogan,5.91,3.31,Améliorée,135.0,1,915.0,Ferralitique,2023,328700.0
Plateaux,Akplogan,1.13,2.49,Traditionnelle,173.0,0,1370.0,Hydromorphe,2021,237500.0
Centrale,Dévé,2.06,1.71,OPV,130.0,0,572.0,Ferrugineux,2020,162100.0
Maritime,Tohoun,2.09,2.84,Améliorée,94.0,0,1317.0,Vertisol,2023,245700.0
Savanes,Tsévié,5.67,2.4,Hybride,0.0,0,649.0,Ferrugineux,2022,212600.0
Savanes,Bassar,4.1,1.64,Traditionnelle,0.0,1,1207.0,Vertisol,2023,164200.0
Kara,Dévé,2.3,2.72,OPV,76.0,0,879.0,Hydromorphe,2022,213400.0
Plateaux,Akplogan,3.28,3.55,Améliorée,0.0,0,1400.0,Ferralitique,2021,362300.0
Maritime,Dévé,5.2,3.24,Améliorée,0.0,0,1479.0,Hydromorphe,2023,292700.0
Plateaux,Mango,0.52,3.23,Hybride,70.0,1,1342.0,Hydromorphe,2022,338700.0
Maritime,Tsévié,1.79,2.56,OPV,0.0,1,,Vertisol,2021,273000.0
Kara,Akplogan,6.44,3.39,Hybride,0.0,0,912.0,Ferrugineux,2020,254100.0
Kara,Bassar,3.87,3.39,Hybride,100.0,0,1085.0,Ferralitique,2022,298700.0
Savanes,Akplogan,2.46,2.09,OPV,157.0,0,990.0,Ferralitique,2020,177200.0
Plateaux,Tsévié,2.39,3.25,OPV,148.0,0,1534.0,Ferralitique,2020,238000.0
Savanes,Bassar,1.57,1.99,OPV,119.0,1,914.0,Ferralitique,2019,164200.0
Plateaux,Tsévié,2.34,2.59,Traditionnelle,98.0,0,1523.0,Ferrugineux,2023,322500.0
Savanes,Bassar,3.16,2.25,OPV,66.0,1,936.0,Ferralitique,2022,229700.0
Centrale,Tohoun,1.85,2.31,Améliorée,176.0,0,715.0,Vertisol,2020,272800.0
Centrale,Tohoun,3.63,2.41,Hybride,0.0,1,908.0,Vertisol,2019,252600.0
Centrale,Dévé,5.44,1.65,Traditionnelle,0.0,0,707.0,Ferralitique,2021,142500.0
Centrale,Dévé,0.92,2.68,OPV,148.0,1,915.0,Ferralitique,2022,242100.0
Maritime,Bassar,2.0,1.64,Traditionnelle,117.0,0,917.0,Ferrugineux,2020,167800.0
Centrale,Akplogan,1.81,2.76,OPV,108.0,0,1357.0,Ferrugineux,2023,277100.0
Kara,Mango,3.41,2.05,Traditionnelle,137.0,1,893.0,Ferralitique,2019,180500.0
Kara,Mango,1.22,2.57,Hybride,90.0,0,647.0,Ferrugineux,2020,197800.0
Maritime,Akplogan,3.06,3.35,Hybride,106.0,0,900.0,Hydromorphe,2023,450500.0
Centrale,Akplogan,5.75,1.64,Améliorée,,1,993.0,Ferralitique,2020,152800.0
Centrale,Tohoun,1.85,2.67,Améliorée,0.0,0,1201.0,Ferrugineux,2022,243400.0
Centrale,Mango,6.55,2.47,OPV,146.0,0,794.0,Vertisol,2022,238400.0
Savanes,Bassar,12.96,2.24,Hybride,0.0,0,615.0,Ferralitique,2022,206000.0
Plateaux,Tsévié,0.78,2.14,Traditionnelle,89.0,1,1188.0,Ferralitique,2019,206200.0
Savanes,Dévé,1.16,2.2,Traditionnelle,53.0,0,651.0,Vertisol,2022,242600.0
Plateaux,Tsévié,8.01,2.37,Traditionnelle,39.0,0,1245.0,Vertisol,2023,221400.0
Centrale,Tohoun,8.44,1.95,Améliorée,113.0,0,854.0,Ferrugineux,2020,158100.0
Centrale,Mango,0.76,2.2,Traditionnelle,93.0,0,887.0,Vertisol,2021,205200.0
Savanes,Akplogan,0.54,2.86,Améliorée,0.0,0,1024.0,Hydromorphe,2023,255500.0
Savanes,Mango,0.94,2.27,Améliorée,0.0,0,777.0,Ferralitique,2023,254300.0
Plateaux,Bassar,14.31,3.2,OPV,55.0,0,1392.0,Hydromorphe,2022,349100.0
Kara,Tohoun,1.0,2.3,Traditionnelle,47.0,0,897.0,Ferrugineux,2019,221700.0
Plateaux,Akplogan,2.25,1.98,Traditionnelle,131.0,0,964.0,Vertisol,2020,157900.0
Savanes,Tsévié,5.22,1.95,Hybride,0.0,0,918.0,Ferralitique,2019,156900.0
Savanes,Bassar,0.55,2.13,OPV,102.0,0,978.0,Vertisol,2020,203000.0
Maritime,Tsévié,2.82,3.34,Hybride,53.0,0,1506.0,Vertisol,2020,330800.0
Savanes,Dévé,1.31,1.85,OPV,138.0,0,971.0,Ferrugineux,2019,167300.0
Maritime,Tohoun,5.46,1.9,Traditionnelle,170.0,0,1352.0,Ferrugineux,2023,169200.0
Kara,Bassar,1.33,3.29,Améliorée,131.0,0,615.0,Ferrugineux,2020,289100.0
Plateaux,Bassar,3.4,2.68,Améliorée,86.0,0,1278.0,Ferrugineux,2019,253400.0
Plateaux,Tsévié,3.3,2.88,Améliorée,121.0,0,1450.0,Ferralitique,2020,191000.0
Maritime,Akplogan,1.13,2.78,Améliorée,65.0,0,933.0,Hydromorphe,2021,227000.0
Plateaux,Dévé,0.59,3.87,Améliorée,0.0,0,1130.0,Hydromorphe,2023,338400.0
Savanes,Tsévié,1.82,2.67,Hybride,123.0,0,781.0,Ferralitique,2022,292500.0
Centrale,Bassar,1.35,2.14,OPV,,1,797.0,Vertisol,2020,182400.0
Maritime,Tohoun,4.64,2.12,Traditionnelle,0.0,0,1446.0,Ferralitique,2021,205900.0
Plateaux,Bassar,4.53,3.64,Hybride,138.0,0,1081.0,Hydromorphe,2022,355300.0
Maritime,Mango,2.03,2.65,OPV,0.0,0,722.0,Hydromorphe,2022,293200.0
Maritime,Tohoun,2.83,1.79,Améliorée,108.0,0,1118.0,Ferralitique,2020,197500.0
Centrale,Tohoun,2.82,1.83,OPV,71.0,0,,Ferrugineux,2019,172700.0
Savanes,Bassar,4.89,1.84,OPV,142.0,0,878.0,Vertisol,2020,164000.0
Maritime,Akplogan,1.88,2.33,Améliorée,94.0,1,1286.0,Ferralitique,2021,202600.0
Plateaux,Tohoun,1.31,3.38,Améliorée,0.0,0,1144.0,Hydromorphe,2022,311000.0
Kara,Mango,1.27,2.63,Améliorée,105.0,0,959.0,Ferrugineux,2020,236300.0
Maritime,Tsévié,2.42,2.33,Traditionnelle,0.0,0,1303.0,Vertisol,2019,236500.0
Maritime,Akplogan,1.99,3.02,Améliorée,104.0,0,1033.0,Hydromorphe,2020,302500.0
Centrale,Akplogan,1.95,1.78,Traditionnelle,189.0,0,993.0,Vertisol,2023,181800.0
Savanes,Akplogan,0.74,1.84,Améliorée,0.0,0,805.0,Ferrugineux,2019,203100.0
Kara,Tohoun,3.67,2.07,Traditionnelle,133.0,0,744.0,Hydromorphe,2021,242700.0
Plateaux,Akplogan,1.1,2.76,OPV,114.0,0,1078.0,Ferrugineux,2022,266600.0
Kara,Bassar,1.05,3.05,Hybride,117.0,1,925.0,Ferralitique,2020,330100.0
Plateaux,Akplogan,1.83,2.29,OPV,109.0,0,1152.0,Ferralitique,2019,208100.0
Savanes,Mango,1.15,1.68,OPV,0.0,0,867.0,Vertisol,2023,183100.0
Plateaux,Dévé,2.69,3.02,Améliorée,141.0,0,1237.0,Ferrugineux,2019,325600.0
Centrale,Mango,1.66,2.11,Traditionnelle,82.0,0,949.0,Ferrugineux,2023,225900.0
Centrale,Tohoun,1.99,2.4,Hybride,76.0,1,527.0,Vertisol,2021,230600.0
Centrale,Akplogan,2.43,2.75,Améliorée,0.0,0,883.0,Vertisol,2022,239400.0
Centrale,Akplogan,1.07,2.19,Améliorée,201.0,0,,Vertisol,2021,171100.0
Kara,Bassar,0.92,2.77,Améliorée,0.0,0,1043.0,Ferralitique,2020,261700.0
Savanes,Tsévié,5.81,1.93,OPV,0.0,0,1075.0,Vertisol,2019,218400.0
Plateaux,Akplogan,1.92,2.51,Traditionnelle,77.0,0,1262.0,Ferralitique,2023,229100.0
Plateaux,Mango,1.83,2.66,Traditionnelle,144.0,0,822.0,Vertisol,2023,277400.0
Centrale,Tohoun,0.59,2.25,Hybride,115.0,1,762.0,Ferrugineux,2019,236000.0
Centrale,Dévé,2.22,1.54,Traditionnelle,128.0,1,697.0,Ferrugineux,2019,141200.0
Maritime,Akplogan,2.52,1.83,Traditionnelle,80.0,0,1121.0,Vertisol,2020,202600.0
Savanes,Dévé,2.55,1.86,Améliorée,0.0,0,671.0,Vertisol,2021,111500.0
Kara,Akplogan,3.57,3.02,Améliorée,103.0,0,825.0,Ferralitique,2023,243000.0
Plateaux,Tohoun,0.99,2.18,OPV,0.0,0,1217.0,Hydromorphe,2020,183300.0
Maritime,Tsévié,1.23,2.53,Améliorée,149.0,0,1271.0,Ferralitique,2021,215100.0
Maritime,Mango,4.66,2.47,Améliorée,0.0,0,1238.0,Ferrugineux,2020,244200.0
Plateaux,Tohoun,7.85,3.33,Améliorée,0.0,0,1301.0,Vertisol,2023,327500.0
Kara,Dévé,0.87,2.49,Améliorée,147.0,0,566.0,Ferrugineux,2019,248600.0
Maritime,Akplogan,2.22,2.14,OPV,0.0,1,1314.0,Hydromorphe,2019,218800.0
Maritime,Dévé,1.1,2.82,Améliorée,0.0,1,990.0,Ferralitique,2021,235500.0
Savanes,Mango,0.65,2.68,Hybride,111.0,0,939.0,Ferrugineux,2022,215200.0
Kara,Tohoun,1.48,2.94,Hybride,0.0,1,820.0,Ferralitique,2021,293300.0
Maritime,Dévé,0.89,2.74,Hybride,0.0,0,1800.0,Vertisol,2022,239900.0
Kara,Dévé,3.59,2.68,Hybride,0.0,0,966.0,Ferrugineux,2020,204100.0
Plateaux,Mango,2.41,2.83,Améliorée,190.0,0,1249.0,Hydromorphe,2020,301900.0
Centrale,Akplogan,0.89,2.77,Hybride,99.0,0,548.0,Ferralitique,2023,310000.0
Maritime,Dévé,0.52,2.56,Améliorée,51.0,1,1311.0,Ferralitique,2022,291400.0
Savanes,Mango,4.63,1.63,OPV,153.0,0,938.0,Hydromorphe,2023,158200.0
Plateaux,Akplogan,0.98,3.01,Hybride,0.0,1,1585.0,Ferrugineux,2019,308900.0
Kara,Tsévié,2.83,2.24,Traditionnelle,135.0,0,1212.0,Ferrugineux,2022,249600.0
Plateaux,Akplogan,1.53,3.64,Hybride,0.0,0,862.0,Ferralitique,2021,318100.0
Maritime,Tsévié,2.7,2.53,Hybride,115.0,0,1106.0,Hydromorphe,2019,274400.0
Kara,Tohoun,1.45,2.44,Améliorée,75.0,0,1000.0,Ferralitique,2019,240000.0
Centrale,Mango,0.73,2.36,Hybride,145.0,0,794.0,Ferralitique,2021,250300.0
Plateaux,Akplogan,1.13,2.09,Traditionnelle,0.0,0,787.0,Vertisol,2019,203300.0
Maritime,Tsévié,1.02,2.54,Améliorée,0.0,0,1206.0,Ferrugineux,2022,280800.0
Savanes,Tsévié,1.9,2.44,Améliorée,79.0,0,1085.0,Ferrugineux,2023,238300.0
Kara,Tohoun,3.18,1.74,OPV,0.0,0,839.0,Vertisol,2019,134600.0
Plateaux,Bassar,1.27,2.79,OPV,105.0,0,1529.0,Ferrugineux,2022,313700.0
Plateaux,Mango,0.53,3.4,Hybride,127.0,0,1272.0,Ferrugineux,2020,284200.0
Centrale,Bassar,2.33,2.26,OPV,120.0,0,840.0,Ferrugineux,2022,249000.0
Centrale,Akplogan,2.83,3.11,OPV,0.0,0,808.0,Hydromorphe,2023,292300.0
Savanes,Mango,8.73,2.04,OPV,145.0,1,927.0,Vertisol,2022,222300.0
Savanes,Tohoun,2.73,1.78,Améliorée,118.0,0,1039.0,Ferralitique,2021,193100.0
Maritime,Akplogan,2.09,2.89,Améliorée,80.0,0,927.0,Hydromorphe,2023,289200.0
Maritime,Mango,2.63,2.02,Améliorée,,1,1319.0,Ferralitique,2020,204100.0
Savanes,Mango,7.07,1.82,OPV,,1,1109.0,Vertisol,2021,182500.0
Savanes,Bassar,4.91,1.92,Améliorée,0.0,1,809.0,Vertisol,2022,136300.0
Kara,Akplogan,1.48,3.01,OPV,0.0,0,715.0,Vertisol,2023,290300.0
Centrale,Tohoun,1.18,2.1,Améliorée,193.0,0,911.0,Ferrugineux,2020,171600.0
Maritime,Tohoun,1.26,2.64,Améliorée,114.0,0,1205.0,Hydromorphe,2021,256000.0
Centrale,Akplogan,2.26,1.49,Traditionnelle,0.0,0,706.0,Vertisol,2020,121100.0
Centrale,Akplogan,3.91,3.28,Hybride,80.0,1,868.0,Ferralitique,2022,265100.0
Savanes,Tsévié,2.25,1.67,OPV,0.0,0,972.0,Ferrugineux,2020,190500.0
Kara,Dévé,0.68,2.45,Traditionnelle,0.0,0,965.0,Ferrugineux,2019,264200.0
Plateaux,Bassar,3.71,3.36,Améliorée,0.0,0,1084.0,Hydromorphe,2021,319300.0
Kara,Akplogan,4.6,2.54,OPV,0.0,0,952.0,Hydromorphe,2020,246800.0
Kara,Akplogan,1.35,3.06,Améliorée,142.0,0,809.0,Hydromorphe,2022,281600.0
Centrale,Dévé,3.23,2.88,Hybride,0.0,0,807.0,Ferrugineux,2022,293100.0
Kara,Dévé,1.89,1.42,Traditionnelle,71.0,1,684.0,Vertisol,2020,123100.0
Maritime,Mango,6.0,3.02,Hybride,82.0,1,1634.0,Ferralitique,2022,323100.0
Centrale,Tohoun,5.16,2.17,Traditionnelle,98.0,0,902.0,Vertisol,2023,199900.0
Maritime,Bassar,2.36,2.9,Améliorée,0.0,0,830.0,Ferralitique,2023,261000.0
Plateaux,Mango,3.44,3.36,Hybride,0.0,0,1357.0,Vertisol,2023,319900.0
Centrale,Akplogan,5.87,2.38,Hybride,0.0,0,1428.0,Hydromorphe,2019,209600.0
Plateaux,Dévé,2.21,3.49,Améliorée,105.0,1,1136.0,Ferralitique,2020,345100.0
Centrale,Tsévié,1.44,2.77,Hybride,0.0,0,823.0,Ferrugineux,2019,245600.0
Savanes,Tohoun,4.0,1.91,OPV,108.0,0,975.0,Ferralitique,2022,192500.0
Kara,Mango,1.12,2.19,Traditionnelle,138.0,0,1008.0,Ferrugineux,2019,239500.0
Savanes,Tsévié,1.73,1.5,Traditionnelle,114.0,0,1072.0,Vertisol,2022,129600.0
Plateaux,Tohoun,5.52,1.9,Traditionnelle,130.0,0,1372.0,Hydromorphe,2022,177900.0
Kara,Tsévié,3.72,2.23,OPV,0.0,0,991.0,Ferralitique,2021,224300.0
Centrale,Dévé,1.79,2.39,Traditionnelle,146.0,0,710.0,Ferrugineux,2023,214400.0
Kara,Mango,1.1,2.87,Améliorée,58.0,0,854.0,Vertisol,2022,288400.0
Maritime,Mango,1.6,2.9,Hybride,105.0,0,1038.0,Hydromorphe,2021,294500.0
Kara,Tohoun,1.34,2.65,OPV,131.0,1,1272.0,Hydromorphe,2023,285800.0
Maritime,Tsévié,0.98,2.64,Traditionnelle,141.0,0,1303.0,Hydromorphe,2022,231700.0
Kara,Dévé,3.9,3.44,Améliorée,0.0,0,1116.0,Vertisol,2022,287700.0
Maritime,Akplogan,1.23,3.37,Hybride,0.0,0,1196.0,Vertisol,2019,307300.0
Plateaux,Mango,2.01,3.1,Hybride,0.0,0,1062.0,Vertisol,2019,258700.0
Savanes,Akplogan,1.72,2.1,OPV,0.0,0,882.0,Hydromorphe,2023,214200.0
Centrale,Dévé,10.55,1.75,OPV,0.0,1,748.0,Ferralitique,2022,142100.0
Kara,Mango,1.74,2.84,OPV,152.0,0,1035.0,Ferrugineux,2020,349000.0
Savanes,Mango,0.71,1.54,Améliorée,83.0,0,1018.0,Vertisol,2019,170200.0
Centrale,Tsévié,0.74,2.66,Améliorée,132.0,0,1075.0,Ferralitique,2023,252800.0
Centrale,Akplogan,2.73,1.88,OPV,117.0,0,898.0,Ferrugineux,2022,198000.0
Maritime,Tsévié,2.79,1.89,Traditionnelle,145.0,0,1340.0,Hydromorphe,2022,142700.0
Plateaux,Bassar,1.86,3.06,Hybride,0.0,1,1763.0,Ferralitique,2020,382900.0
Plateaux,Akplogan,1.91,3.6,Hybride,,0,1179.0,Hydromorphe,2023,316300.0
Savanes,Akplogan,0.64,2.01,Améliorée,174.0,0,976.0,Ferrugineux,2022,188200.0
Plateaux,Bassar,2.32,2.99,Hybride,0.0,0,1052.0,Vertisol,2019,217100.0
Kara,Dévé,2.26,2.25,Traditionnelle,0.0,0,803.0,Hydromorphe,2020,226400.0
Plateaux,Dévé,0.9,3.45,Hybride,0.0,0,1292.0,Ferralitique,2023,281800.0
Savanes,Mango,0.77,2.05,Améliorée,0.0,0,633.0,Vertisol,2020,197300.0
Plateaux,Tohoun,0.83,3.2,Améliorée,92.0,0,996.0,Ferralitique,2019,283100.0
Kara,Tsévié,0.77,2.13,Traditionnelle,95.0,0,696.0,Ferrugineux,2023,174500.0
Maritime,Tohoun,2.85,1.67,Traditionnelle,180.0,0,1492.0,Ferrugineux,2020,142900.0
Savanes,Mango,1.05,2.24,Hybride,102.0,1,767.0,Vertisol,2021,219000.0
Maritime,Tohoun,1.22,3.05,Hybride,0.0,0,1392.0,Ferralitique,2019,243200.0
Maritime,Akplogan,0.98,2.49,Améliorée,0.0,0,1153.0,Ferralitique,2019,214000.0
Maritime,Akplogan,8.42,1.64,Traditionnelle,0.0,0,1350.0,Ferralitique,2019,168900.0
Centrale,Bassar,5.32,1.91,Traditionnelle,0.0,0,760.0,Ferralitique,2021,240500.0
Centrale,Bassar,1.16,1.43,Traditionnelle,119.0,0,949.0,Ferrugineux,2021,144000.0
Maritime,Mango,1.49,3.31,Hybride,124.0,0,1264.0,Ferralitique,2022,278000.0
Savanes,Mango,1.09,1.59,Traditionnelle,166.0,1,1114.0,Ferrugineux,2020,144300.0
Kara,Mango,2.19,2.86,Améliorée,0.0,0,753.0,Ferralitique,2022,272500.0
Kara,Akplogan,0.55,2.44,Améliorée,92.0,0,1097.0,Ferralitique,2020,221700.0
Plateaux,Tohoun,3.28,3.2,Hybride,152.0,0,1259.0,Hydromorphe,2021,338600.0
Savanes,Tsévié,2.35,2.01,OPV,150.0,0,660.0,Hydromorphe,2021,196000.0
Centrale,Mango,6.22,3.13,Hybride,162.0,0,1030.0,Ferralitique,2022,331300.0
Maritime,Mango,0.95,2.4,OPV,139.0,0,1314.0,Ferrugineux,2023,219000.0
Plateaux,Akplogan,4.58,2.55,Traditionnelle,42.0,0,1059.0,Ferralitique,2022,283100.0
Kara,Tsévié,4.43,2.37,Hybride,113.0,0,684.0,Hydromorphe,2020,220100.0
Centrale,Akplogan,0.84,2.31,Améliorée,0.0,0,,Ferralitique,2022,192400.0
Centrale,Tsévié,1.77,1.59,Traditionnelle,111.0,0,826.0,Hydromorphe,2019,192700.0
Maritime,Akplogan,0.97,2.28,Améliorée,0.0,0,1223.0,Ferralitique,2020,166600.0
Kara,Tohoun,1.23,1.71,Traditionnelle,,0,635.0,Vertisol,2020,147600.0
Savanes,Mango,1.26,2.32,Hybride,165.0,0,,Ferralitique,2023,202900.0
Centrale,Dévé,2.53,2.2,OPV,133.0,0,760.0,Ferrugineux,2021,275200.0
Maritime,Dévé,1.83,1.83,Traditionnelle,0.0,0,1139.0,Hydromorphe,2020,214000.0
Savanes,Mango,7.88,1.18,OPV,19.0,0,785.0,Vertisol,2021,132900.0
Kara,Mango,0.84,1.55,Traditionnelle,0.0,0,1019.0,Hydromorphe,2022,141000.0
Centrale,Mango,9.59,1.98,Améliorée,111.0,0,1085.0,Hydromorphe,2019,245500.0
Savanes,Mango,1.16,2.41,Améliorée,80.0,1,1008.0,Ferrugineux,2023,239100.0
Savanes,Tsévié,4.21,0.72,Traditionnelle,51.0,0,1191.0,Ferralitique,2021,76400.0
Savanes,Tohoun,1.53,1.61,OPV,90.0,0,975.0,Ferrugineux,2020,156800.0
Centrale,Dévé,0.89,2.48,Hybride,0.0,0,681.0,Ferralitique,2021,234300.0
Centrale,Bassar,5.38,2.94,Hybride,146.0,0,1145.0,Vertisol,2020,270100.0
Plateaux,Dévé,1.42,3.0,Améliorée,0.0,0,1428.0,Ferrugineux,2021,277700.0
Kara,Dévé,3.19,3.11,Hybride,184.0,0,1064.0,Ferrugineux,2020,317900.0
Maritime,Akplogan,2.59,2.84,Améliorée,78.0,0,980.0,Hydromorphe,2022,282000.0
Savanes,Mango,2.1,1.57,Hybride,155.0,1,982.0,Ferrugineux,2020,148200.0
Plateaux,Mango,2.21,2.44,Traditionnelle,,0,1177.0,Ferralitique,2020,275500.0
Maritime,Mango,3.79,2.49,Améliorée,0.0,0,1244.0,Ferrugineux,2019,148200.0
Plateaux,Akplogan,0.73,3.13,Améliorée,0.0,0,1447.0,Ferrugineux,2020,316400.0
Centrale,Tohoun,3.26,2.78,Traditionnelle,162.0,1,870.0,Vertisol,2019,287800.0
Savanes,Tohoun,6.15,1.64,Améliorée,131.0,1,914.0,Ferralitique,2023,178700.0
Maritime,Bassar,0.65,3.22,Hybride,0.0,0,,Hydromorphe,2019,303100.0
Maritime,Tohoun,0.88,3.02,Hybride,,0,1174.0,Ferralitique,2022,294300.0
Maritime,Tohoun,3.65,2.52,Améliorée,110.0,0,1214.0,Vertisol,2019,268800.0
Maritime,Mango,1.94,3.23,Hybride,0.0,0,900.0,Ferralitique,2023,364200.0
Maritime,Tsévié,1.79,2.36,OPV,72.0,0,1044.0,Ferralitique,2022,215400.0
Plateaux,Dévé,0.87,2.95,Améliorée,118.0,0,1470.0,Ferrugineux,2021,289500.0
Savanes,Tohoun,2.27,1.64,Traditionnelle,135.0,1,1000.0,Ferrugineux,2021,188700.0
Centrale,Tohoun,0.84,1.46,OPV,0.0,0,854.0,Ferralitique,2019,101800.0
Centrale,Akplogan,2.12,2.39,Améliorée,0.0,1,1095.0,Ferralitique,2019,206800.0
Centrale,Bassar,4.11,1.8,Traditionnelle,0.0,0,877.0,Hydromorphe,2023,202100.0
Centrale,Tsévié,1.25,2.54,Hybride,0.0,0,,Vertisol,2023,274700.0
Plateaux,Akplogan,2.14,2.07,Traditionnelle,0.0,0,1160.0,Ferrugineux,2020,209600.0
Kara,Mango,12.58,3.11,OPV,131.0,0,724.0,Ferrugineux,2023,279000.0
Savanes,Dévé,3.4,2.04,Hybride,136.0,0,851.0,Ferrugineux,2020,172600.0
Maritime,Bassar,5.1,2.9,Améliorée,46.0,0,1045.0,Ferrugineux,2022,255100.0
Kara,Akplogan,1.84,2.63,Hybride,0.0,0,755.0,Ferralitique,2019,298800.0
Centrale,Tohoun,4.15,2.71,Améliorée,60.0,0,934.0,Ferralitique,2022,237100.0
Kara,Tohoun,0.6,3.28,Améliorée,171.0,0,782.0,Hydromorphe,2023,315900.0
Savanes,Bassar,0.83,2.16,Traditionnelle,117.0,0,853.0,Ferrugineux,2022,186100.0
Maritime,Tohoun,1.07,2.02,Traditionnelle,112.0,0,1151.0,Ferrugineux,2022,212000.0
Maritime,Akplogan,1.79,2.27,Traditionnelle,155.0,0,822.0,Ferralitique,2022,201000.0
Savanes,Akplogan,5.17,2.05,OPV,136.0,0,865.0,Hydromorphe,2023,191900.0
Savanes,Tohoun,1.56,2.32,OPV,0.0,0,997.0,Ferralitique,2022,173600.0
Centrale,Tohoun,3.16,1.46,Traditionnelle,117.0,1,940.0,Ferrugineux,2020,110800.0
Maritime,Mango,3.59,2.82,OPV,0.0,1,1173.0,Ferrugineux,2023,267700.0
Kara,Dévé,2.71,3.22,Hybride,0.0,0,1095.0,Vertisol,2022,254600.0
Plateaux,Bassar,1.6,3.76,Hybride,0.0,1,1242.0,Vertisol,2023,452300.0
Plateaux,Akplogan,2.65,2.8,OPV,0.0,1,1262.0,Vertisol,2021,196700.0
Savanes,Bassar,1.55,1.84,OPV,0.0,1,898.0,Hydromorphe,2020,157100.0
Centrale,Mango,0.72,2.73,Hybride,0.0,0,807.0,Ferralitique,2022,259400.0
Plateaux,Akplogan,12.84,3.18,Améliorée,0.0,0,1560.0,Ferrugineux,2021,288400.0
Maritime,Mango,0.84,3.44,Hybride,115.0,0,1053.0,Ferrugineux,2021,281500.0
Savanes,Mango,0.69,2.82,Hybride,0.0,0,586.0,Hydromorphe,2023,235100.0
Kara,Tsévié,5.77,2.77,OPV,136.0,0,803.0,Ferrugineux,2021,230100.0
Savanes,Tohoun,1.4,2.07,Hybride,0.0,0,854.0,Ferrugineux,2020,189400.0
Kara,Tsévié,3.13,2.13,OPV,,0,946.0,Ferralitique,2020,251900.0
Savanes,Bassar,1.5,1.97,OPV,105.0,0,1115.0,Vertisol,2019,188700.0
Savanes,Bassar,1.74,1.73,Traditionnelle,84.0,0,761.0,Vertisol,2020,189200.0
Savanes,Tohoun,1.26,2.75,Hybride,142.0,0,810.0,Hydromorphe,2021,278200.0
Kara,Tsévié,1.55,2.51,Améliorée,0.0,1,808.0,Vertisol,2020,272200.0
Kara,Bassar,1.82,2.21,Traditionnelle,148.0,0,756.0,Vertisol,2023,135800.0
Savanes,Tsévié,3.69,1.19,OPV,156.0,0,838.0,Hydromorphe,2019,108500.0
Plateaux,Tohoun,2.29,2.65,OPV,,0,1201.0,Hydromorphe,2021,293800.0
Centrale,Akplogan,7.69,2.46,Améliorée,56.0,0,710.0,Vertisol,2019,216700.0
Centrale,Mango,0.61,1.97,OPV,0.0,0,977.0,Ferralitique,2021,229100.0
Centrale,Mango,2.25,3.07,Hybride,202.0,1,594.0,Hydromorphe,2023,346600.0
Kara,Tsévié,2.69,1.84,Traditionnelle,0.0,0,799.0,Ferrugineux,2019,164700.0
Kara,Bassar,6.82,2.72,OPV,106.0,0,841.0,Hydromorphe,2022,241900.0
Plateaux,Tsévié,0.63,2.43,OPV,0.0,0,674.0,Ferrugineux,2021,201100.0
Centrale,Tsévié,2.63,2.51,Améliorée,77.0,0,851.0,Hydromorphe,2022,219400.0
Centrale,Dévé,5.3,1.5,Hybride,0.0,0,504.0,Hydromorphe,2019,120500.0
Savanes,Mango,1.19,1.88,OPV,0.0,0,540.0,Vertisol,2022,187900.0
Kara,Tohoun,5.72,2.46,Améliorée,184.0,0,906.0,Vertisol,2022,190800.0
Centrale,Tsévié,0.55,2.28,OPV,114.0,0,1010.0,Vertisol,2019,233300.0
Plateaux,Dévé,3.8,3.64,Améliorée,132.0,0,1426.0,Ferralitique,2023,372700.0
Plateaux,Dévé,7.26,3.4,Améliorée,0.0,0,1217.0,Vertisol,2022,255200.0
Centrale,Mango,3.18,3.22,Hybride,0.0,1,1109.0,Vertisol,2022,365400.0
Kara,Mango,1.95,2.45,OPV,201.0,0,803.0,Hydromorphe,2023,248000.0
Plateaux,Mango,0.61,4.15,Hybride,199.0,1,1157.0,Hydromorphe,2022,431200.0
Savanes,Tohoun,6.82,2.45,Améliorée,114.0,0,606.0,Ferralitique,2022,210700.0
Plateaux,Dévé,2.09,2.34,Traditionnelle,96.0,0,1105.0,Ferrugineux,2022,240200.0
Maritime,Bassar,0.57,2.61,OPV,147.0,0,1070.0,Hydromorphe,2020,283100.0
Maritime,Tohoun,3.43,1.83,Traditionnelle,106.0,0,1217.0,Hydromorphe,2023,171500.0
Kara,Akplogan,2.14,2.37,OPV,73.0,0,892.0,Ferrugineux,2022,282600.0
Centrale,Tsévié,0.83,2.7,Hybride,171.0,0,921.0,Ferralitique,2023,257700.0
Kara,Mango,1.1,2.98,Hybride,168.0,0,911.0,Hydromorphe,2021,323500.0
Kara,Dévé,0.67,2.82,Hybride,126.0,0,733.0,Vertisol,2021,277600.0
Kara,Tsévié,2.64,3.64,Hybride,69.0,0,866.0,Ferralitique,2022,371800.0
Kara,Tohoun,2.93,3.34,Hybride,0.0,1,,Ferrugineux,2023,250500.0
Savanes,Akplogan,2.26,1.79,Traditionnelle,0.0,0,1145.0,Ferrugineux,2023,177600.0
Savanes,Tohoun,4.75,2.35,Hybride,0.0,0,845.0,Vertisol,2023,202400.0
Plateaux,Tohoun,5.43,2.43,Améliorée,106.0,0,1397.0,Vertisol,2020,206200.0
Maritime,Bassar,2.89,2.75,Améliorée,,0,1058.0,Vertisol,2021,319300.0
Kara,Tsévié,0.53,1.71,Traditionnelle,0.0,0,676.0,Ferralitique,2023,157700.0
Plateaux,Bassar,3.47,3.0,OPV,175.0,0,1168.0,Ferrugineux,2023,249200.0
Maritime,Tohoun,1.85,2.14,Améliorée,80.0,0,1103.0,Vertisol,2020,194200.0
Centrale,Akplogan,2.58,2.61,OPV,106.0,0,888.0,Vertisol,2020,207400.0
Savanes,Dévé,3.12,1.95,Traditionnelle,150.0,0,978.0,Ferrugineux,2023,219200.0
Maritime,Dévé,1.58,2.19,OPV,137.0,1,1298.0,Hydromorphe,2019,189900.0
Centrale,Tsévié,6.73,2.68,OPV,181.0,0,1363.0,Ferralitique,2023,271900.0
Maritime,Mango,0.86,2.34,OPV,136.0,0,1261.0,Hydromorphe,2023,260200.0
Savanes,Mango,3.28,1.93,OPV,193.0,0,1010.0,Vertisol,2020,171500.0
Savanes,Dévé,0.51,1.53,Traditionnelle,0.0,1,800.0,Ferralitique,2020,155100.0
Plateaux,Tohoun,6.96,3.48,Améliorée,162.0,0,1256.0,Hydromorphe,2023,287700.0
Kara,Tohoun,0.8,3.8,Hybride,0.0,0,788.0,Ferrugineux,2023,472700.0
Maritime,Bassar,0.75,2.81,OPV,0.0,0,1031.0,Vertisol,2023,298700.0
Maritime,Tsévié,1.51,2.64,Améliorée,156.0,1,1083.0,Ferralitique,2020,244500.0
Centrale,Bassar,1.67,2.1,Améliorée,0.0,0,1052.0,Ferralitique,2023,179600.0
Savanes,Mango,1.1,1.39,Traditionnelle,149.0,1,904.0,Ferralitique,2023,130300.0
Maritime,Dévé,2.7,2.76,Améliorée,116.0,0,1670.0,Ferralitique,2022,250700.0
Savanes,Tohoun,1.96,1.43,Traditionnelle,175.0,0,628.0,Vertisol,2019,169100.0
Maritime,Dévé,0.59,2.04,OPV,32.0,0,1117.0,Vertisol,2021,163600.0
Plateaux,Akplogan,1.46,3.24,OPV,63.0,0,1187.0,Ferrugineux,2019,313400.0
Kara,Dévé,4.66,3.73,Hybride,0.0,1,774.0,Ferrugineux,2022,353800.0
Maritime,Akplogan,3.43,3.15,Hybride,120.0,1,1253.0,Ferrugineux,2021,294900.0
Savanes,Bassar,3.73,2.54,Hybride,144.0,0,919.0,Hydromorphe,2023,238100.0
Plateaux,Bassar,3.49,3.2,Améliorée,122.0,1,715.0,Ferrugineux,2022,299200.0
Maritime,Mango,1.43,2.31,OPV,142.0,1,723.0,Vertisol,2023,243300.0
Centrale,Dévé,0.76,1.7,Traditionnelle,0.0,0,1045.0,Hydromorphe,2020,174300.0
Kara,Dévé,1.3,3.35,Hybride,0.0,0,943.0,Vertisol,2022,335600.0
Maritime,Akplogan,4.96,1.52,Traditionnelle,0.0,0,,Hydromorphe,2020,88900.0
Plateaux,Bassar,10.34,2.52,Traditionnelle,0.0,0,598.0,Ferrugineux,2022,248000.0
Centrale,Akplogan,2.2,2.71,Hybride,200.0,0,956.0,Ferrugineux,2022,203900.0
Plateaux,Bassar,0.52,2.07,OPV,129.0,0,1249.0,Ferrugineux,2020,213100.0
Plateaux,Akplogan,0.88,3.21,Hybride,0.0,0,982.0,Hydromorphe,2021,361400.0
Centrale,Bassar,1.47,1.48,Traditionnelle,59.0,1,996.0,Vertisol,2019,123800.0
Plateaux,Akplogan,2.66,4.35,Hybride,98.0,1,1006.0,Ferralitique,2023,399200.0
Centrale,Bassar,0.7,2.01,Traditionnelle,0.0,0,747.0,Vertisol,2022,176200.0
Maritime,Tsévié,7.68,1.76,Traditionnelle,0.0,0,1075.0,Ferrugineux,2023,193200.0
Centrale,Akplogan,1.64,2.67,Hybride,,0,624.0,Hydromorphe,2020,256300.0
Centrale,Dévé,6.59,2.13,Améliorée,151.0,0,1107.0,Hydromorphe,2023,246300.0
Kara,Mango,4.29,3.32,Hybride,,0,863.0,Ferrugineux,2020,331600.0
Centrale,Tsévié,4.02,2.45,Améliorée,0.0,0,1101.0,Hydromorphe,2023,239900.0
Centrale,Tsévié,2.83,1.57,Traditionnelle,129.0,0,805.0,Ferrugineux,2019,150600.0
Maritime,Akplogan,2.96,2.2,Traditionnelle,0.0,0,1092.0,Vertisol,2019,230400.0
Kara,Mango,3.04,2.18,Améliorée,0.0,0,762.0,Hydromorphe,2019,161600.0
Savanes,Dévé,2.98,0.98,Traditionnelle,51.0,0,1058.0,Ferralitique,2019,94200.0
Maritime,Tsévié,2.52,2.25,Améliorée,0.0,1,1209.0,Hydromorphe,2019,212300.0
Maritime,Dévé,11.25,2.74,Améliorée,0.0,1,,Ferrugineux,2019,284300.0
Savanes,Bassar,3.79,1.01,Traditionnelle,0.0,0,831.0,Ferralitique,2020,94100.0
Centrale,Mango,4.25,1.36,OPV,0.0,0,544.0,Ferrugineux,2022,112100.0
Plateaux,Tohoun,5.65,3.27,Améliorée,146.0,0,1265.0,Hydromorphe,2023,310600.0
Kara,Bassar,1.11,3.02,Hybride,129.0,0,688.0,Ferralitique,2019,247300.0
Plateaux,Mango,0.72,3.67,Hybride,0.0,0,722.0,Ferralitique,2020,263700.0
Savanes,Akplogan,2.15,1.33,Traditionnelle,,0,686.0,Hydromorphe,2020,138100.0
Maritime,Akplogan,2.3,2.14,OPV,0.0,1,1199.0,Ferralitique,2020,218600.0
Maritime,Dévé,4.92,2.42,Traditionnelle,101.0,0,1436.0,Vertisol,2022,243100.0
Kara,Tsévié,1.97,2.18,OPV,0.0,0,868.0,Ferralitique,2023,240600.0
Maritime,Tohoun,2.61,2.68,Améliorée,142.0,0,1304.0,Ferralitique,2022,233000.0
Maritime,Akplogan,2.37,2.73,Améliorée,0.0,0,1574.0,Vertisol,2021,212500.0
Kara,Mango,0.6,2.83,Améliorée,0.0,0,896.0,Ferrugineux,2020,266300.0
Kara,Tsévié,2.89,2.67,Améliorée,98.0,0,761.0,Ferrugineux,2021,242400.0
Savanes,Tsévié,4.9,2.11,Hybride,115.0,0,581.0,Vertisol,2019,179200.0
Maritime,Mango,0.93,1.95,Hybride,0.0,0,886.0,Ferralitique,2019,183700.0
Maritime,Tsévié,2.76,1.87,Traditionnelle,162.0,0,1471.0,Hydromorphe,2022,164100.0
Savanes,Akplogan,2.75,2.15,OPV,157.0,0,919.0,Vertisol,2023,157000.0
Centrale,Mango,0.95,2.08,Améliorée,117.0,0,838.0,Hydromorphe,2021,186700.0
Centrale,Mango,0.83,2.61,Améliorée,69.0,1,,Ferrugineux,2023,212300.0
Centrale,Dévé,10.29,2.34,OPV,80.0,0,790.0,Vertisol,2022,229000.0
Savanes,Tohoun,1.75,1.58,OPV,130.0,0,890.0,Hydromorphe,2019,137400.0
Maritime,Dévé,1.15,2.21,Traditionnelle,0.0,0,1131.0,Ferralitique,2023,239600.0
Savanes,Tohoun,0.97,1.73,OPV,76.0,1,962.0,Vertisol,2023,197300.0
Savanes,Mango,3.25,1.83,Améliorée,121.0,0,889.0,Hydromorphe,2019,188600.0
Centrale,Tsévié,2.85,2.56,Améliorée,0.0,0,792.0,Vertisol,2021,195500.0
Plateaux,Tohoun,3.08,2.88,Améliorée,,0,1378.0,Vertisol,2019,325900.0
Maritime,Mango,0.73,2.74,Améliorée,0.0,0,1082.0,Ferrugineux,2023,312100.0
Centrale,Mango,6.1,2.44,Améliorée,104.0,0,803.0,Ferrugineux,2021,232700.0
Plateaux,Dévé,1.73,2.52,Traditionnelle,170.0,1,1205.0,Ferralitique,2021,279900.0
Plateaux,Dévé,1.44,2.22,Améliorée,98.0,1,891.0,Ferrugineux,2019,196200.0
Kara,Tsévié,2.05,2.63,Traditionnelle,0.0,0,657.0,Ferrugineux,2023,190800.0
Maritime,Bassar,1.74,2.69,Améliorée,101.0,0,1639.0,Ferrugineux,2022,231300.0
Plateaux,Akplogan,5.48,3.91,Hybride,116.0,0,1299.0,Hydromorphe,2023,452300.0
Centrale,Bassar,7.12,2.88,Hybride,0.0,0,647.0,Vertisol,2020,222000.0
Kara,Bassar,1.4,2.87,Hybride,111.0,1,820.0,Ferrugineux,2022,272300.0
Maritime,Tsévié,5.49,2.76,Hybride,133.0,0,1242.0,Hydromorphe,2021,263100.0
Savanes,Tohoun,4.3,1.52,Traditionnelle,113.0,0,1207.0,Vertisol,2022,135300.0
Centrale,Tsévié,7.18,1.52,Traditionnelle,117.0,0,701.0,Ferrugineux,2021,136700.0
Plateaux,Tsévié,1.21,3.29,OPV,,1,1247.0,Ferrugineux,2021,315600.0
Plateaux,Mango,2.65,3.0,Améliorée,0.0,0,1407.0,Vertisol,2022,265000.0
Centrale,Mango,1.3,2.47,Hybride,116.0,0,787.0,Hydromorphe,2021,192800.0
Plateaux,Mango,4.84,2.37,Traditionnelle,0.0,0,,Hydromorphe,2021,231400.0
Kara,Akplogan,0.51,2.33,Améliorée,0.0,0,713.0,Ferralitique,2020,251600.0
Maritime,Tohoun,2.58,2.8,Améliorée,0.0,1,1022.0,Vertisol,2023,294900.0
Kara,Tohoun,1.54,2.38,Traditionnelle,,0,893.0,Ferralitique,2023,202600.0
Plateaux,Mango,1.47,3.21,Hybride,133.0,0,1143.0,Hydromorphe,2020,256600.0
Savanes,Bassar,3.09,1.9,OPV,0.0,0,1096.0,Ferrugineux,2022,174400.0
Maritime,Akplogan,5.27,2.27,Améliorée,0.0,0,,Ferralitique,2019,258500.0
Maritime,Bassar,2.85,1.71,OPV,181.0,0,1188.0,Hydromorphe,2019,175300.0
Centrale,Dévé,5.3,2.5,Hybride,176.0,0,896.0,Hydromorphe,2019,258300.0
Centrale,Tohoun,1.27,3.05,Hybride,20.0,0,953.0,Ferrugineux,2020,321900.0
Savanes,Tohoun,2.33,1.77,OPV,101.0,0,,Vertisol,2020,177000.0
Maritime,Bassar,2.0,3.04,Hybride,,0,976.0,Hydromorphe,2021,293000.0
Savanes,Akplogan,0.53,2.1,Améliorée,0.0,1,922.0,Ferralitique,2019,216000.0
Centrale,Tohoun,2.53,1.83,OPV,100.0,0,1173.0,Ferrugineux,2022,161600.0
Centrale,Bassar,3.21,3.27,Hybride,0.0,0,969.0,Vertisol,2022,255200.0
Maritime,Tsévié,2.74,2.22,OPV,75.0,1,928.0,Vertisol,2019,230200.0
Kara,Tsévié,3.83,3.05,Améliorée,0.0,0,810.0,Vertisol,2019,335600.0
Plateaux,Akplogan,2.62,2.93,Hybride,162.0,0,796.0,Hydromorphe,2019,239000.0
Centrale,Bassar,0.67,2.81,Améliorée,46.0,0,1195.0,Vertisol,2020,295000.0
Centrale,Tsévié,0.81,2.75,Hybride,129.0,0,867.0,Hydromorphe,2020,317000.0
Kara,Akplogan,2.77,2.16,Traditionnelle,0.0,0,896.0,Ferrugineux,2020,205200.0
Kara,Mango,1.3,3.49,Hybride,61.0,0,813.0,Ferrugineux,2023,297300.0
Savanes,Akplogan,0.71,1.86,OPV,0.0,1,1098.0,Vertisol,2022,179200.0
Savanes,Dévé,1.9,2.78,Hybride,0.0,0,1253.0,Ferrugineux,2022,245300.0
Plateaux,Mango,2.52,3.16,Améliorée,0.0,0,898.0,Ferralitique,2021,276900.0
Plateaux,Bassar,1.5,2.39,Améliorée,95.0,0,1432.0,Ferralitique,2020,239100.0
Maritime,Mango,3.69,2.9,Hybride,168.0,0,1395.0,Hydromorphe,2023,220100.0
Savanes,Mango,3.08,1.96,OPV,168.0,0,500.0,Vertisol,2023,152300.0
Centrale,Bassar,1.51,1.93,Traditionnelle,130.0,0,1034.0,Hydromorphe,2022,184100.0
Savanes,Bassar,4.01,1.75,OPV,83.0,1,924.0,Ferrugineux,2020,165500.0
Centrale,Tsévié,3.12,2.13,Traditionnelle,103.0,1,977.0,Vertisol,2021,210700.0
Kara,Dévé,3.04,2.11,Améliorée,0.0,0,,Hydromorphe,2020,247700.0
Savanes,Bassar,2.52,1.72,OPV,0.0,0,831.0,Vertisol,2019,165900.0
Kara,Tohoun,0.53,1.45,Traditionnelle,157.0,0,826.0,Vertisol,2020,148100.0
Plateaux,Tohoun,3.48,3.38,Hybride,58.0,1,1114.0,Hydromorphe,2019,281400.0
Plateaux,Dévé,1.68,2.81,Améliorée,60.0,0,903.0,Vertisol,2019,292500.0
Maritime,Akplogan,7.64,3.1,Hybride,127.0,0,1158.0,Ferrugineux,2021,274600.0
Savanes,Akplogan,4.76,1.91,Améliorée,0.0,0,978.0,Ferralitique,2022,183500.0
Kara,Tohoun,2.71,2.78,OPV,0.0,1,,Ferralitique,2020,260300.0
Centrale,Bassar,1.23,2.23,OPV,,1,877.0,Vertisol,2019,239800.0
Plateaux,Dévé,1.07,3.15,Améliorée,0.0,0,1225.0,Ferralitique,2020,249900.0
Plateaux,Akplogan,1.54,3.22,Améliorée,0.0,1,1003.0,Vertisol,2022,217800.0
Centrale,Akplogan,2.12,2.66,Améliorée,146.0,0,1188.0,Hydromorphe,2022,245700.0
Kara,Mango,1.38,2.52,OPV,0.0,0,1027.0,Ferrugineux,2023,254000.0
Kara,Tohoun,2.31,2.44,Traditionnelle,114.0,1,996.0,Ferralitique,2022,236400.0
Savanes,Bassar,0.95,2.8,Hybride,167.0,1,930.0,Hydromorphe,2021,307900.0
Savanes,Dévé,10.01,2.42,Hybride,67.0,0,651.0,Ferrugineux,2019,242700.0
Maritime,Akplogan,0.79,2.37,OPV,0.0,0,939.0,Ferralitique,2023,209400.0
Plateaux,Mango,7.22,3.57,Hybride,0.0,1,880.0,Ferralitique,2021,239800.0
Savanes,Tohoun,6.62,1.6,Améliorée,86.0,1,711.0,Ferrugineux,2020,147100.0
Kara,Tohoun,2.36,2.07,Traditionnelle,0.0,1,,Hydromorphe,2019,222400.0
Centrale,Dévé,3.73,2.9,Hybride,0.0,0,859.0,Hydromorphe,2022,261400.0
Kara,Akplogan,1.93,1.34,Traditionnelle,0.0,1,874.0,Ferralitique,2019,127700.0
Plateaux,Dévé,2.99,2.63,Améliorée,0.0,1,1209.0,Ferrugineux,2020,263000.0
Kara,Dévé,1.54,3.34,Hybride,0.0,0,1031.0,Hydromorphe,2023,276200.0
Maritime,Tsévié,1.4,2.5,OPV,108.0,1,1299.0,Ferrugineux,2023,256400.0
Plateaux,Mango,2.66,2.16,Traditionnelle,,0,1277.0,Ferrugineux,2023,247300.0
Centrale,Tohoun,2.22,2.6,Améliorée,0.0,0,1115.0,Ferralitique,2022,241700.0
Maritime,Tsévié,2.67,2.06,Traditionnelle,80.0,0,1401.0,Ferrugineux,2021,167400.0
Plateaux,Bassar,1.34,3.41,Hybride,173.0,0,975.0,Ferrugineux,2021,320900.0
Centrale,Tohoun,1.64,2.17,Hybride,0.0,0,1013.0,Vertisol,2019,148400.0
Maritime,Tohoun,0.72,2.8,OPV,0.0,1,1231.0,Ferrugineux,2022,277200.0
Maritime,Mango,0.63,3.41,Améliorée,187.0,0,1133.0,Hydromorphe,2023,342700.0
Plateaux,Bassar,1.23,3.26,Améliorée,102.0,0,1196.0,Ferralitique,2023,374900.0
Savanes,Akplogan,0.69,1.58,OPV,67.0,1,781.0,Ferralitique,2020,146500.0
Maritime,Bassar,0.77,2.42,OPV,128.0,0,1444.0,Ferrugineux,2020,241300.0
Maritime,Akplogan,4.69,2.81,Améliorée,0.0,0,985.0,Ferrugineux,2023,237800.0
Centrale,Bassar,0.6,1.88,Traditionnelle,,0,746.0,Hydromorphe,2023,170400.0
Kara,Dévé,3.19,2.41,Traditionnelle,0.0,0,790.0,Vertisol,2022,184600.0
Plateaux,Bassar,1.3,2.2,OPV,230.0,0,1081.0,Ferralitique,2021,203800.0
Plateaux,Tsévié,5.63,2.6,Traditionnelle,109.0,1,1380.0,Vertisol,2020,237500.0
Savanes,Tsévié,2.16,2.1,Améliorée,42.0,0,868.0,Hydromorphe,2021,207100.0
Savanes,Mango,1.41,2.29,Hybride,0.0,1,880.0,Ferralitique,2022,200500.0
Plateaux,Akplogan,2.32,3.75,Hybride,0.0,0,1336.0,Hydromorphe,2023,360300.0
Savanes,Tohoun,1.7,1.53,Traditionnelle,,0,765.0,Ferrugineux,2021,139100.0
Centrale,Mango,2.58,1.78,OPV,82.0,0,1137.0,Hydromorphe,2023,162400.0
Plateaux,Tsévié,0.8,3.47,OPV,146.0,0,,Ferrugineux,2023,333200.0
Savanes,Tsévié,15.01,1.69,OPV,0.0,0,871.0,Vertisol,2019,161600.0
Plateaux,Akplogan,1.89,2.9,OPV,0.0,0,1071.0,Ferralitique,2021,302500.0
Kara,Tsévié,1.57,2.79,OPV,,0,710.0,Ferralitique,2021,261300.0
Maritime,Tsévié,3.6,1.85,Traditionnelle,0.0,0,1301.0,Vertisol,2023,168300.0
Plateaux,Akplogan,1.63,3.76,Hybride,179.0,0,787.0,Ferrugineux,2022,349500.0
Maritime,Tsévié,4.98,2.62,Hybride,171.0,0,1137.0,Ferralitique,2019,226400.0
Savanes,Tohoun,2.01,1.93,Traditionnelle,79.0,0,1204.0,Hydromorphe,2023,175400.0
Maritime,Dévé,3.68,1.63,OPV,161.0,0,1238.0,Ferrugineux,2020,194600.0
Plateaux,Mango,0.78,2.18,Traditionnelle,93.0,0,1590.0,Ferralitique,2020,182800.0
Kara,Tohoun,5.18,2.67,Hybride,0.0,0,864.0,Hydromorphe,2019,244600.0
Savanes,Tohoun,3.83,2.3,Améliorée,103.0,0,834.0,Hydromorphe,2022,208100.0
Plateaux,Dévé,1.09,2.66,Traditionnelle,0.0,0,1205.0,Ferralitique,2023,244900.0
Savanes,Mango,0.89,1.64,OPV,101.0,1,1266.0,Vertisol,2021,148900.0
Centrale,Tohoun,1.45,2.19,Hybride,0.0,0,984.0,Vertisol,2019,215000.0
Maritime,Tsévié,9.83,3.07,Hybride,165.0,0,1012.0,Ferralitique,2022,228800.0
Centrale,Dévé,1.24,2.37,Hybride,0.0,1,1139.0,Hydromorphe,2021,254800.0
Plateaux,Mango,2.02,3.56,Hybride,0.0,0,793.0,Vertisol,2020,365200.0
Kara,Bassar,0.58,2.28,OPV,148.0,0,973.0,Vertisol,2020,182900.0
Savanes,Akplogan,1.77,1.21,Améliorée,0.0,0,869.0,Vertisol,2021,81800.0
Maritime,Tsévié,2.62,2.59,Hybride,,0,865.0,Ferrugineux,2019,215500.0
Savanes,Dévé,8.15,1.16,Traditionnelle,137.0,1,889.0,Vertisol,2020,106700.0
Plateaux,Akplogan,2.32,2.91,Améliorée,0.0,1,1343.0,Ferralitique,2023,366900.0
Savanes,Bassar,4.77,1.94,Hybride,120.0,0,914.0,Ferralitique,2021,196800.0
Maritime,Tohoun,2.48,2.71,Améliorée,0.0,1,1135.0,Ferrugineux,2021,198400.0
Plateaux,Tohoun,0.6,2.6,Traditionnelle,0.0,0,1318.0,Ferrugineux,2020,225800.0
Savanes,Mango,1.45,2.19,Hybride,133.0,0,1040.0,Ferralitique,2019,207000.0
Kara,Dévé,2.64,2.1,Traditionnelle,57.0,1,712.0,Ferrugineux,2023,205700.0
Plateaux,Dévé,8.02,2.66,OPV,0.0,0,1035.0,Vertisol,2019,210500.0
